jpg,type
aneurysm/0.jpg,aneurysm
aneurysm/1.jpg,aneurysm
aneurysm/10.jpg,aneurysm
aneurysm/11.jpg,aneurysm
aneurysm/12.jpg,aneurysm
aneurysm/13.jpg,aneurysm
aneurysm/14.jpg,aneurysm
aneurysm/15.jpg,aneurysm
aneurysm/16.jpg,aneurysm
aneurysm/17.jpg,aneurysm
aneurysm/18.jpg,aneurysm
aneurysm/19.jpg,aneurysm
aneurysm/2.jpg,aneurysm
aneurysm/20.jpg,aneurysm
aneurysm/21.jpg,aneurysm
aneurysm/22.jpg,aneurysm
aneurysm/23.jpg,aneurysm
aneurysm/24.jpg,aneurysm
aneurysm/25.jpg,aneurysm
aneurysm/26.jpg,aneurysm
aneurysm/27.jpg,aneurysm
aneurysm/28.jpg,aneurysm
aneurysm/29.jpg,aneurysm
aneurysm/3.jpg,aneurysm
aneurysm/30.jpg,aneurysm
aneurysm/31.jpg,aneurysm
aneurysm/32.jpg,aneurysm
aneurysm/33.jpg,aneurysm
aneurysm/34.jpg,aneurysm
aneurysm/35.jpg,aneurysm
aneurysm/36.jpg,aneurysm
aneurysm/37.jpg,aneurysm
aneurysm/38.jpg,aneurysm
aneurysm/39.jpg,aneurysm
aneurysm/4.jpg,aneurysm
aneurysm/40.jpg,aneurysm
aneurysm/41.jpg,aneurysm
aneurysm/42.jpg,aneurysm
aneurysm/43.jpg,aneurysm
aneurysm/44.jpg,aneurysm
aneurysm/45.jpg,aneurysm
aneurysm/46.jpg,aneurysm
aneurysm/47.jpg,aneurysm
aneurysm/48.jpg,aneurysm
aneurysm/49.jpg,aneurysm
aneurysm/5.jpg,aneurysm
aneurysm/50.jpg,aneurysm
aneurysm/51.jpg,aneurysm
aneurysm/52.jpg,aneurysm
aneurysm/53.jpg,aneurysm
aneurysm/54.jpg,aneurysm
aneurysm/55.jpg,aneurysm
aneurysm/56.jpg,aneurysm
aneurysm/57.jpg,aneurysm
aneurysm/58.jpg,aneurysm
aneurysm/59.jpg,aneurysm
aneurysm/6.jpg,aneurysm
aneurysm/60.jpg,aneurysm
aneurysm/61.jpg,aneurysm
aneurysm/62.jpg,aneurysm
aneurysm/63.jpg,aneurysm
aneurysm/64.jpg,aneurysm
aneurysm/65.jpg,aneurysm
aneurysm/66.jpg,aneurysm
aneurysm/67.jpg,aneurysm
aneurysm/68.jpg,aneurysm
aneurysm/69.jpg,aneurysm
aneurysm/7.jpg,aneurysm
aneurysm/70.jpg,aneurysm
aneurysm/71.jpg,aneurysm
aneurysm/72.jpg,aneurysm
aneurysm/73.jpg,aneurysm
aneurysm/74.jpg,aneurysm
aneurysm/75.jpg,aneurysm
aneurysm/76.jpg,aneurysm
aneurysm/77.jpg,aneurysm
aneurysm/78.jpg,aneurysm
aneurysm/79.jpg,aneurysm
aneurysm/8.jpg,aneurysm
aneurysm/80.jpg,aneurysm
aneurysm/81.jpg,aneurysm
aneurysm/82.jpg,aneurysm
aneurysm/83.jpg,aneurysm
aneurysm/9.jpg,aneurysm
aneurysm/augmented_bc_0.jpg,aneurysm
aneurysm/augmented_bc_1.jpg,aneurysm
aneurysm/augmented_bc_10.jpg,aneurysm
aneurysm/augmented_bc_11.jpg,aneurysm
aneurysm/augmented_bc_12.jpg,aneurysm
aneurysm/augmented_bc_13.jpg,aneurysm
aneurysm/augmented_bc_14.jpg,aneurysm
aneurysm/augmented_bc_15.jpg,aneurysm
aneurysm/augmented_bc_16.jpg,aneurysm
aneurysm/augmented_bc_17.jpg,aneurysm
aneurysm/augmented_bc_18.jpg,aneurysm
aneurysm/augmented_bc_19.jpg,aneurysm
aneurysm/augmented_bc_2.jpg,aneurysm
aneurysm/augmented_bc_20.jpg,aneurysm
aneurysm/augmented_bc_21.jpg,aneurysm
aneurysm/augmented_bc_22.jpg,aneurysm
aneurysm/augmented_bc_23.jpg,aneurysm
aneurysm/augmented_bc_24.jpg,aneurysm
aneurysm/augmented_bc_25.jpg,aneurysm
aneurysm/augmented_bc_26.jpg,aneurysm
aneurysm/augmented_bc_27.jpg,aneurysm
aneurysm/augmented_bc_28.jpg,aneurysm
aneurysm/augmented_bc_29.jpg,aneurysm
aneurysm/augmented_bc_3.jpg,aneurysm
aneurysm/augmented_bc_30.jpg,aneurysm
aneurysm/augmented_bc_31.jpg,aneurysm
aneurysm/augmented_bc_32.jpg,aneurysm
aneurysm/augmented_bc_33.jpg,aneurysm
aneurysm/augmented_bc_34.jpg,aneurysm
aneurysm/augmented_bc_35.jpg,aneurysm
aneurysm/augmented_bc_36.jpg,aneurysm
aneurysm/augmented_bc_37.jpg,aneurysm
aneurysm/augmented_bc_38.jpg,aneurysm
aneurysm/augmented_bc_39.jpg,aneurysm
aneurysm/augmented_bc_4.jpg,aneurysm
aneurysm/augmented_bc_40.jpg,aneurysm
aneurysm/augmented_bc_41.jpg,aneurysm
aneurysm/augmented_bc_42.jpg,aneurysm
aneurysm/augmented_bc_43.jpg,aneurysm
aneurysm/augmented_bc_44.jpg,aneurysm
aneurysm/augmented_bc_45.jpg,aneurysm
aneurysm/augmented_bc_46.jpg,aneurysm
aneurysm/augmented_bc_47.jpg,aneurysm
aneurysm/augmented_bc_48.jpg,aneurysm
aneurysm/augmented_bc_49.jpg,aneurysm
aneurysm/augmented_bc_5.jpg,aneurysm
aneurysm/augmented_bc_50.jpg,aneurysm
aneurysm/augmented_bc_51.jpg,aneurysm
aneurysm/augmented_bc_52.jpg,aneurysm
aneurysm/augmented_bc_53.jpg,aneurysm
aneurysm/augmented_bc_54.jpg,aneurysm
aneurysm/augmented_bc_55.jpg,aneurysm
aneurysm/augmented_bc_56.jpg,aneurysm
aneurysm/augmented_bc_57.jpg,aneurysm
aneurysm/augmented_bc_58.jpg,aneurysm
aneurysm/augmented_bc_59.jpg,aneurysm
aneurysm/augmented_bc_6.jpg,aneurysm
aneurysm/augmented_bc_60.jpg,aneurysm
aneurysm/augmented_bc_61.jpg,aneurysm
aneurysm/augmented_bc_62.jpg,aneurysm
aneurysm/augmented_bc_63.jpg,aneurysm
aneurysm/augmented_bc_64.jpg,aneurysm
aneurysm/augmented_bc_65.jpg,aneurysm
aneurysm/augmented_bc_66.jpg,aneurysm
aneurysm/augmented_bc_67.jpg,aneurysm
aneurysm/augmented_bc_68.jpg,aneurysm
aneurysm/augmented_bc_69.jpg,aneurysm
aneurysm/augmented_bc_7.jpg,aneurysm
aneurysm/augmented_bc_70.jpg,aneurysm
aneurysm/augmented_bc_71.jpg,aneurysm
aneurysm/augmented_bc_72.jpg,aneurysm
aneurysm/augmented_bc_73.jpg,aneurysm
aneurysm/augmented_bc_74.jpg,aneurysm
aneurysm/augmented_bc_75.jpg,aneurysm
aneurysm/augmented_bc_76.jpg,aneurysm
aneurysm/augmented_bc_77.jpg,aneurysm
aneurysm/augmented_bc_78.jpg,aneurysm
aneurysm/augmented_bc_79.jpg,aneurysm
aneurysm/augmented_bc_8.jpg,aneurysm
aneurysm/augmented_bc_80.jpg,aneurysm
aneurysm/augmented_bc_81.jpg,aneurysm
aneurysm/augmented_bc_82.jpg,aneurysm
aneurysm/augmented_bc_83.jpg,aneurysm
aneurysm/augmented_bc_9.jpg,aneurysm
aneurysm/augmented_et_0.jpg,aneurysm
aneurysm/augmented_et_1.jpg,aneurysm
aneurysm/augmented_et_10.jpg,aneurysm
aneurysm/augmented_et_11.jpg,aneurysm
aneurysm/augmented_et_12.jpg,aneurysm
aneurysm/augmented_et_13.jpg,aneurysm
aneurysm/augmented_et_14.jpg,aneurysm
aneurysm/augmented_et_15.jpg,aneurysm
aneurysm/augmented_et_16.jpg,aneurysm
aneurysm/augmented_et_17.jpg,aneurysm
aneurysm/augmented_et_18.jpg,aneurysm
aneurysm/augmented_et_19.jpg,aneurysm
aneurysm/augmented_et_2.jpg,aneurysm
aneurysm/augmented_et_20.jpg,aneurysm
aneurysm/augmented_et_21.jpg,aneurysm
aneurysm/augmented_et_22.jpg,aneurysm
aneurysm/augmented_et_23.jpg,aneurysm
aneurysm/augmented_et_24.jpg,aneurysm
aneurysm/augmented_et_25.jpg,aneurysm
aneurysm/augmented_et_26.jpg,aneurysm
aneurysm/augmented_et_27.jpg,aneurysm
aneurysm/augmented_et_28.jpg,aneurysm
aneurysm/augmented_et_29.jpg,aneurysm
aneurysm/augmented_et_3.jpg,aneurysm
aneurysm/augmented_et_30.jpg,aneurysm
aneurysm/augmented_et_31.jpg,aneurysm
aneurysm/augmented_et_32.jpg,aneurysm
aneurysm/augmented_et_33.jpg,aneurysm
aneurysm/augmented_et_34.jpg,aneurysm
aneurysm/augmented_et_35.jpg,aneurysm
aneurysm/augmented_et_36.jpg,aneurysm
aneurysm/augmented_et_37.jpg,aneurysm
aneurysm/augmented_et_38.jpg,aneurysm
aneurysm/augmented_et_39.jpg,aneurysm
aneurysm/augmented_et_4.jpg,aneurysm
aneurysm/augmented_et_40.jpg,aneurysm
aneurysm/augmented_et_41.jpg,aneurysm
aneurysm/augmented_et_42.jpg,aneurysm
aneurysm/augmented_et_43.jpg,aneurysm
aneurysm/augmented_et_44.jpg,aneurysm
aneurysm/augmented_et_45.jpg,aneurysm
aneurysm/augmented_et_46.jpg,aneurysm
aneurysm/augmented_et_47.jpg,aneurysm
aneurysm/augmented_et_48.jpg,aneurysm
aneurysm/augmented_et_49.jpg,aneurysm
aneurysm/augmented_et_5.jpg,aneurysm
aneurysm/augmented_et_50.jpg,aneurysm
aneurysm/augmented_et_51.jpg,aneurysm
aneurysm/augmented_et_52.jpg,aneurysm
aneurysm/augmented_et_53.jpg,aneurysm
aneurysm/augmented_et_54.jpg,aneurysm
aneurysm/augmented_et_55.jpg,aneurysm
aneurysm/augmented_et_56.jpg,aneurysm
aneurysm/augmented_et_57.jpg,aneurysm
aneurysm/augmented_et_58.jpg,aneurysm
aneurysm/augmented_et_59.jpg,aneurysm
aneurysm/augmented_et_6.jpg,aneurysm
aneurysm/augmented_et_60.jpg,aneurysm
aneurysm/augmented_et_61.jpg,aneurysm
aneurysm/augmented_et_62.jpg,aneurysm
aneurysm/augmented_et_63.jpg,aneurysm
aneurysm/augmented_et_64.jpg,aneurysm
aneurysm/augmented_et_65.jpg,aneurysm
aneurysm/augmented_et_66.jpg,aneurysm
aneurysm/augmented_et_67.jpg,aneurysm
aneurysm/augmented_et_68.jpg,aneurysm
aneurysm/augmented_et_69.jpg,aneurysm
aneurysm/augmented_et_7.jpg,aneurysm
aneurysm/augmented_et_70.jpg,aneurysm
aneurysm/augmented_et_71.jpg,aneurysm
aneurysm/augmented_et_72.jpg,aneurysm
aneurysm/augmented_et_73.jpg,aneurysm
aneurysm/augmented_et_74.jpg,aneurysm
aneurysm/augmented_et_75.jpg,aneurysm
aneurysm/augmented_et_76.jpg,aneurysm
aneurysm/augmented_et_77.jpg,aneurysm
aneurysm/augmented_et_78.jpg,aneurysm
aneurysm/augmented_et_79.jpg,aneurysm
aneurysm/augmented_et_8.jpg,aneurysm
aneurysm/augmented_et_80.jpg,aneurysm
aneurysm/augmented_et_81.jpg,aneurysm
aneurysm/augmented_et_82.jpg,aneurysm
aneurysm/augmented_et_83.jpg,aneurysm
aneurysm/augmented_et_9.jpg,aneurysm
aneurysm/augmented_gb_0.jpg,aneurysm
aneurysm/augmented_gb_1.jpg,aneurysm
aneurysm/augmented_gb_10.jpg,aneurysm
aneurysm/augmented_gb_11.jpg,aneurysm
aneurysm/augmented_gb_12.jpg,aneurysm
aneurysm/augmented_gb_13.jpg,aneurysm
aneurysm/augmented_gb_14.jpg,aneurysm
aneurysm/augmented_gb_15.jpg,aneurysm
aneurysm/augmented_gb_16.jpg,aneurysm
aneurysm/augmented_gb_17.jpg,aneurysm
aneurysm/augmented_gb_18.jpg,aneurysm
aneurysm/augmented_gb_19.jpg,aneurysm
aneurysm/augmented_gb_2.jpg,aneurysm
aneurysm/augmented_gb_20.jpg,aneurysm
aneurysm/augmented_gb_21.jpg,aneurysm
aneurysm/augmented_gb_22.jpg,aneurysm
aneurysm/augmented_gb_23.jpg,aneurysm
aneurysm/augmented_gb_24.jpg,aneurysm
aneurysm/augmented_gb_25.jpg,aneurysm
aneurysm/augmented_gb_26.jpg,aneurysm
aneurysm/augmented_gb_27.jpg,aneurysm
aneurysm/augmented_gb_28.jpg,aneurysm
aneurysm/augmented_gb_29.jpg,aneurysm
aneurysm/augmented_gb_3.jpg,aneurysm
aneurysm/augmented_gb_30.jpg,aneurysm
aneurysm/augmented_gb_31.jpg,aneurysm
aneurysm/augmented_gb_32.jpg,aneurysm
aneurysm/augmented_gb_33.jpg,aneurysm
aneurysm/augmented_gb_34.jpg,aneurysm
aneurysm/augmented_gb_35.jpg,aneurysm
aneurysm/augmented_gb_36.jpg,aneurysm
aneurysm/augmented_gb_37.jpg,aneurysm
aneurysm/augmented_gb_38.jpg,aneurysm
aneurysm/augmented_gb_39.jpg,aneurysm
aneurysm/augmented_gb_4.jpg,aneurysm
aneurysm/augmented_gb_40.jpg,aneurysm
aneurysm/augmented_gb_41.jpg,aneurysm
aneurysm/augmented_gb_42.jpg,aneurysm
aneurysm/augmented_gb_43.jpg,aneurysm
aneurysm/augmented_gb_44.jpg,aneurysm
aneurysm/augmented_gb_45.jpg,aneurysm
aneurysm/augmented_gb_46.jpg,aneurysm
aneurysm/augmented_gb_47.jpg,aneurysm
aneurysm/augmented_gb_48.jpg,aneurysm
aneurysm/augmented_gb_49.jpg,aneurysm
aneurysm/augmented_gb_5.jpg,aneurysm
aneurysm/augmented_gb_50.jpg,aneurysm
aneurysm/augmented_gb_51.jpg,aneurysm
aneurysm/augmented_gb_52.jpg,aneurysm
aneurysm/augmented_gb_53.jpg,aneurysm
aneurysm/augmented_gb_54.jpg,aneurysm
aneurysm/augmented_gb_55.jpg,aneurysm
aneurysm/augmented_gb_56.jpg,aneurysm
aneurysm/augmented_gb_57.jpg,aneurysm
aneurysm/augmented_gb_58.jpg,aneurysm
aneurysm/augmented_gb_59.jpg,aneurysm
aneurysm/augmented_gb_6.jpg,aneurysm
aneurysm/augmented_gb_60.jpg,aneurysm
aneurysm/augmented_gb_61.jpg,aneurysm
aneurysm/augmented_gb_62.jpg,aneurysm
aneurysm/augmented_gb_63.jpg,aneurysm
aneurysm/augmented_gb_64.jpg,aneurysm
aneurysm/augmented_gb_65.jpg,aneurysm
aneurysm/augmented_gb_66.jpg,aneurysm
aneurysm/augmented_gb_67.jpg,aneurysm
aneurysm/augmented_gb_68.jpg,aneurysm
aneurysm/augmented_gb_69.jpg,aneurysm
aneurysm/augmented_gb_7.jpg,aneurysm
aneurysm/augmented_gb_70.jpg,aneurysm
aneurysm/augmented_gb_71.jpg,aneurysm
aneurysm/augmented_gb_72.jpg,aneurysm
aneurysm/augmented_gb_73.jpg,aneurysm
aneurysm/augmented_gb_74.jpg,aneurysm
aneurysm/augmented_gb_75.jpg,aneurysm
aneurysm/augmented_gb_76.jpg,aneurysm
aneurysm/augmented_gb_77.jpg,aneurysm
aneurysm/augmented_gb_78.jpg,aneurysm
aneurysm/augmented_gb_79.jpg,aneurysm
aneurysm/augmented_gb_8.jpg,aneurysm
aneurysm/augmented_gb_80.jpg,aneurysm
aneurysm/augmented_gb_81.jpg,aneurysm
aneurysm/augmented_gb_82.jpg,aneurysm
aneurysm/augmented_gb_83.jpg,aneurysm
aneurysm/augmented_gb_9.jpg,aneurysm
aneurysm/augmented_hf_0.jpg,aneurysm
aneurysm/augmented_hf_1.jpg,aneurysm
aneurysm/augmented_hf_10.jpg,aneurysm
aneurysm/augmented_hf_11.jpg,aneurysm
aneurysm/augmented_hf_12.jpg,aneurysm
aneurysm/augmented_hf_13.jpg,aneurysm
aneurysm/augmented_hf_14.jpg,aneurysm
aneurysm/augmented_hf_15.jpg,aneurysm
aneurysm/augmented_hf_16.jpg,aneurysm
aneurysm/augmented_hf_17.jpg,aneurysm
aneurysm/augmented_hf_18.jpg,aneurysm
aneurysm/augmented_hf_19.jpg,aneurysm
aneurysm/augmented_hf_2.jpg,aneurysm
aneurysm/augmented_hf_20.jpg,aneurysm
aneurysm/augmented_hf_21.jpg,aneurysm
aneurysm/augmented_hf_22.jpg,aneurysm
aneurysm/augmented_hf_23.jpg,aneurysm
aneurysm/augmented_hf_24.jpg,aneurysm
aneurysm/augmented_hf_25.jpg,aneurysm
aneurysm/augmented_hf_26.jpg,aneurysm
aneurysm/augmented_hf_27.jpg,aneurysm
aneurysm/augmented_hf_28.jpg,aneurysm
aneurysm/augmented_hf_29.jpg,aneurysm
aneurysm/augmented_hf_3.jpg,aneurysm
aneurysm/augmented_hf_30.jpg,aneurysm
aneurysm/augmented_hf_31.jpg,aneurysm
aneurysm/augmented_hf_32.jpg,aneurysm
aneurysm/augmented_hf_33.jpg,aneurysm
aneurysm/augmented_hf_34.jpg,aneurysm
aneurysm/augmented_hf_35.jpg,aneurysm
aneurysm/augmented_hf_36.jpg,aneurysm
aneurysm/augmented_hf_37.jpg,aneurysm
aneurysm/augmented_hf_38.jpg,aneurysm
aneurysm/augmented_hf_39.jpg,aneurysm
aneurysm/augmented_hf_4.jpg,aneurysm
aneurysm/augmented_hf_40.jpg,aneurysm
aneurysm/augmented_hf_41.jpg,aneurysm
aneurysm/augmented_hf_42.jpg,aneurysm
aneurysm/augmented_hf_43.jpg,aneurysm
aneurysm/augmented_hf_44.jpg,aneurysm
aneurysm/augmented_hf_45.jpg,aneurysm
aneurysm/augmented_hf_46.jpg,aneurysm
aneurysm/augmented_hf_47.jpg,aneurysm
aneurysm/augmented_hf_48.jpg,aneurysm
aneurysm/augmented_hf_49.jpg,aneurysm
aneurysm/augmented_hf_5.jpg,aneurysm
aneurysm/augmented_hf_50.jpg,aneurysm
aneurysm/augmented_hf_51.jpg,aneurysm
aneurysm/augmented_hf_52.jpg,aneurysm
aneurysm/augmented_hf_53.jpg,aneurysm
aneurysm/augmented_hf_54.jpg,aneurysm
aneurysm/augmented_hf_55.jpg,aneurysm
aneurysm/augmented_hf_56.jpg,aneurysm
aneurysm/augmented_hf_57.jpg,aneurysm
aneurysm/augmented_hf_58.jpg,aneurysm
aneurysm/augmented_hf_59.jpg,aneurysm
aneurysm/augmented_hf_6.jpg,aneurysm
aneurysm/augmented_hf_60.jpg,aneurysm
aneurysm/augmented_hf_61.jpg,aneurysm
aneurysm/augmented_hf_62.jpg,aneurysm
aneurysm/augmented_hf_63.jpg,aneurysm
aneurysm/augmented_hf_64.jpg,aneurysm
aneurysm/augmented_hf_65.jpg,aneurysm
aneurysm/augmented_hf_66.jpg,aneurysm
aneurysm/augmented_hf_67.jpg,aneurysm
aneurysm/augmented_hf_68.jpg,aneurysm
aneurysm/augmented_hf_69.jpg,aneurysm
aneurysm/augmented_hf_7.jpg,aneurysm
aneurysm/augmented_hf_70.jpg,aneurysm
aneurysm/augmented_hf_71.jpg,aneurysm
aneurysm/augmented_hf_72.jpg,aneurysm
aneurysm/augmented_hf_73.jpg,aneurysm
aneurysm/augmented_hf_74.jpg,aneurysm
aneurysm/augmented_hf_75.jpg,aneurysm
aneurysm/augmented_hf_76.jpg,aneurysm
aneurysm/augmented_hf_77.jpg,aneurysm
aneurysm/augmented_hf_78.jpg,aneurysm
aneurysm/augmented_hf_79.jpg,aneurysm
aneurysm/augmented_hf_8.jpg,aneurysm
aneurysm/augmented_hf_80.jpg,aneurysm
aneurysm/augmented_hf_81.jpg,aneurysm
aneurysm/augmented_hf_82.jpg,aneurysm
aneurysm/augmented_hf_83.jpg,aneurysm
aneurysm/augmented_hf_9.jpg,aneurysm
aneurysm/augmented_rc_0.jpg,aneurysm
aneurysm/augmented_rc_1.jpg,aneurysm
aneurysm/augmented_rc_10.jpg,aneurysm
aneurysm/augmented_rc_11.jpg,aneurysm
aneurysm/augmented_rc_12.jpg,aneurysm
aneurysm/augmented_rc_13.jpg,aneurysm
aneurysm/augmented_rc_14.jpg,aneurysm
aneurysm/augmented_rc_15.jpg,aneurysm
aneurysm/augmented_rc_16.jpg,aneurysm
aneurysm/augmented_rc_17.jpg,aneurysm
aneurysm/augmented_rc_18.jpg,aneurysm
aneurysm/augmented_rc_19.jpg,aneurysm
aneurysm/augmented_rc_2.jpg,aneurysm
aneurysm/augmented_rc_20.jpg,aneurysm
aneurysm/augmented_rc_21.jpg,aneurysm
aneurysm/augmented_rc_22.jpg,aneurysm
aneurysm/augmented_rc_23.jpg,aneurysm
aneurysm/augmented_rc_24.jpg,aneurysm
aneurysm/augmented_rc_25.jpg,aneurysm
aneurysm/augmented_rc_26.jpg,aneurysm
aneurysm/augmented_rc_27.jpg,aneurysm
aneurysm/augmented_rc_28.jpg,aneurysm
aneurysm/augmented_rc_29.jpg,aneurysm
aneurysm/augmented_rc_3.jpg,aneurysm
aneurysm/augmented_rc_30.jpg,aneurysm
aneurysm/augmented_rc_31.jpg,aneurysm
aneurysm/augmented_rc_32.jpg,aneurysm
aneurysm/augmented_rc_33.jpg,aneurysm
aneurysm/augmented_rc_34.jpg,aneurysm
aneurysm/augmented_rc_35.jpg,aneurysm
aneurysm/augmented_rc_36.jpg,aneurysm
aneurysm/augmented_rc_37.jpg,aneurysm
aneurysm/augmented_rc_38.jpg,aneurysm
aneurysm/augmented_rc_39.jpg,aneurysm
aneurysm/augmented_rc_4.jpg,aneurysm
aneurysm/augmented_rc_40.jpg,aneurysm
aneurysm/augmented_rc_41.jpg,aneurysm
aneurysm/augmented_rc_42.jpg,aneurysm
aneurysm/augmented_rc_43.jpg,aneurysm
aneurysm/augmented_rc_44.jpg,aneurysm
aneurysm/augmented_rc_45.jpg,aneurysm
aneurysm/augmented_rc_46.jpg,aneurysm
aneurysm/augmented_rc_47.jpg,aneurysm
aneurysm/augmented_rc_48.jpg,aneurysm
aneurysm/augmented_rc_49.jpg,aneurysm
aneurysm/augmented_rc_5.jpg,aneurysm
aneurysm/augmented_rc_50.jpg,aneurysm
aneurysm/augmented_rc_51.jpg,aneurysm
aneurysm/augmented_rc_52.jpg,aneurysm
aneurysm/augmented_rc_53.jpg,aneurysm
aneurysm/augmented_rc_54.jpg,aneurysm
aneurysm/augmented_rc_55.jpg,aneurysm
aneurysm/augmented_rc_56.jpg,aneurysm
aneurysm/augmented_rc_57.jpg,aneurysm
aneurysm/augmented_rc_58.jpg,aneurysm
aneurysm/augmented_rc_59.jpg,aneurysm
aneurysm/augmented_rc_6.jpg,aneurysm
aneurysm/augmented_rc_60.jpg,aneurysm
aneurysm/augmented_rc_61.jpg,aneurysm
aneurysm/augmented_rc_62.jpg,aneurysm
aneurysm/augmented_rc_63.jpg,aneurysm
aneurysm/augmented_rc_64.jpg,aneurysm
aneurysm/augmented_rc_65.jpg,aneurysm
aneurysm/augmented_rc_66.jpg,aneurysm
aneurysm/augmented_rc_67.jpg,aneurysm
aneurysm/augmented_rc_68.jpg,aneurysm
aneurysm/augmented_rc_69.jpg,aneurysm
aneurysm/augmented_rc_7.jpg,aneurysm
aneurysm/augmented_rc_70.jpg,aneurysm
aneurysm/augmented_rc_71.jpg,aneurysm
aneurysm/augmented_rc_72.jpg,aneurysm
aneurysm/augmented_rc_73.jpg,aneurysm
aneurysm/augmented_rc_74.jpg,aneurysm
aneurysm/augmented_rc_75.jpg,aneurysm
aneurysm/augmented_rc_76.jpg,aneurysm
aneurysm/augmented_rc_77.jpg,aneurysm
aneurysm/augmented_rc_78.jpg,aneurysm
aneurysm/augmented_rc_79.jpg,aneurysm
aneurysm/augmented_rc_8.jpg,aneurysm
aneurysm/augmented_rc_80.jpg,aneurysm
aneurysm/augmented_rc_81.jpg,aneurysm
aneurysm/augmented_rc_82.jpg,aneurysm
aneurysm/augmented_rc_83.jpg,aneurysm
aneurysm/augmented_rc_9.jpg,aneurysm
aneurysm/augmented_resize_0.jpg,aneurysm
aneurysm/augmented_resize_1.jpg,aneurysm
aneurysm/augmented_resize_10.jpg,aneurysm
aneurysm/augmented_resize_11.jpg,aneurysm
aneurysm/augmented_resize_12.jpg,aneurysm
aneurysm/augmented_resize_13.jpg,aneurysm
aneurysm/augmented_resize_14.jpg,aneurysm
aneurysm/augmented_resize_15.jpg,aneurysm
aneurysm/augmented_resize_16.jpg,aneurysm
aneurysm/augmented_resize_17.jpg,aneurysm
aneurysm/augmented_resize_18.jpg,aneurysm
aneurysm/augmented_resize_19.jpg,aneurysm
aneurysm/augmented_resize_2.jpg,aneurysm
aneurysm/augmented_resize_20.jpg,aneurysm
aneurysm/augmented_resize_21.jpg,aneurysm
aneurysm/augmented_resize_22.jpg,aneurysm
aneurysm/augmented_resize_23.jpg,aneurysm
aneurysm/augmented_resize_24.jpg,aneurysm
aneurysm/augmented_resize_25.jpg,aneurysm
aneurysm/augmented_resize_26.jpg,aneurysm
aneurysm/augmented_resize_27.jpg,aneurysm
aneurysm/augmented_resize_28.jpg,aneurysm
aneurysm/augmented_resize_29.jpg,aneurysm
aneurysm/augmented_resize_3.jpg,aneurysm
aneurysm/augmented_resize_30.jpg,aneurysm
aneurysm/augmented_resize_31.jpg,aneurysm
aneurysm/augmented_resize_32.jpg,aneurysm
aneurysm/augmented_resize_33.jpg,aneurysm
aneurysm/augmented_resize_34.jpg,aneurysm
aneurysm/augmented_resize_35.jpg,aneurysm
aneurysm/augmented_resize_36.jpg,aneurysm
aneurysm/augmented_resize_37.jpg,aneurysm
aneurysm/augmented_resize_38.jpg,aneurysm
aneurysm/augmented_resize_39.jpg,aneurysm
aneurysm/augmented_resize_4.jpg,aneurysm
aneurysm/augmented_resize_40.jpg,aneurysm
aneurysm/augmented_resize_41.jpg,aneurysm
aneurysm/augmented_resize_42.jpg,aneurysm
aneurysm/augmented_resize_43.jpg,aneurysm
aneurysm/augmented_resize_44.jpg,aneurysm
aneurysm/augmented_resize_45.jpg,aneurysm
aneurysm/augmented_resize_46.jpg,aneurysm
aneurysm/augmented_resize_47.jpg,aneurysm
aneurysm/augmented_resize_48.jpg,aneurysm
aneurysm/augmented_resize_49.jpg,aneurysm
aneurysm/augmented_resize_5.jpg,aneurysm
aneurysm/augmented_resize_50.jpg,aneurysm
aneurysm/augmented_resize_51.jpg,aneurysm
aneurysm/augmented_resize_52.jpg,aneurysm
aneurysm/augmented_resize_53.jpg,aneurysm
aneurysm/augmented_resize_54.jpg,aneurysm
aneurysm/augmented_resize_55.jpg,aneurysm
aneurysm/augmented_resize_56.jpg,aneurysm
aneurysm/augmented_resize_57.jpg,aneurysm
aneurysm/augmented_resize_58.jpg,aneurysm
aneurysm/augmented_resize_59.jpg,aneurysm
aneurysm/augmented_resize_6.jpg,aneurysm
aneurysm/augmented_resize_60.jpg,aneurysm
aneurysm/augmented_resize_61.jpg,aneurysm
aneurysm/augmented_resize_62.jpg,aneurysm
aneurysm/augmented_resize_63.jpg,aneurysm
aneurysm/augmented_resize_64.jpg,aneurysm
aneurysm/augmented_resize_65.jpg,aneurysm
aneurysm/augmented_resize_66.jpg,aneurysm
aneurysm/augmented_resize_67.jpg,aneurysm
aneurysm/augmented_resize_68.jpg,aneurysm
aneurysm/augmented_resize_69.jpg,aneurysm
aneurysm/augmented_resize_7.jpg,aneurysm
aneurysm/augmented_resize_70.jpg,aneurysm
aneurysm/augmented_resize_71.jpg,aneurysm
aneurysm/augmented_resize_72.jpg,aneurysm
aneurysm/augmented_resize_73.jpg,aneurysm
aneurysm/augmented_resize_74.jpg,aneurysm
aneurysm/augmented_resize_75.jpg,aneurysm
aneurysm/augmented_resize_76.jpg,aneurysm
aneurysm/augmented_resize_77.jpg,aneurysm
aneurysm/augmented_resize_78.jpg,aneurysm
aneurysm/augmented_resize_79.jpg,aneurysm
aneurysm/augmented_resize_8.jpg,aneurysm
aneurysm/augmented_resize_80.jpg,aneurysm
aneurysm/augmented_resize_81.jpg,aneurysm
aneurysm/augmented_resize_82.jpg,aneurysm
aneurysm/augmented_resize_83.jpg,aneurysm
aneurysm/augmented_resize_9.jpg,aneurysm
aneurysm/augmented_rr_0.jpg,aneurysm
aneurysm/augmented_rr_1.jpg,aneurysm
aneurysm/augmented_rr_10.jpg,aneurysm
aneurysm/augmented_rr_11.jpg,aneurysm
aneurysm/augmented_rr_12.jpg,aneurysm
aneurysm/augmented_rr_13.jpg,aneurysm
aneurysm/augmented_rr_14.jpg,aneurysm
aneurysm/augmented_rr_15.jpg,aneurysm
aneurysm/augmented_rr_16.jpg,aneurysm
aneurysm/augmented_rr_17.jpg,aneurysm
aneurysm/augmented_rr_18.jpg,aneurysm
aneurysm/augmented_rr_19.jpg,aneurysm
aneurysm/augmented_rr_2.jpg,aneurysm
aneurysm/augmented_rr_20.jpg,aneurysm
aneurysm/augmented_rr_21.jpg,aneurysm
aneurysm/augmented_rr_22.jpg,aneurysm
aneurysm/augmented_rr_23.jpg,aneurysm
aneurysm/augmented_rr_24.jpg,aneurysm
aneurysm/augmented_rr_25.jpg,aneurysm
aneurysm/augmented_rr_26.jpg,aneurysm
aneurysm/augmented_rr_27.jpg,aneurysm
aneurysm/augmented_rr_28.jpg,aneurysm
aneurysm/augmented_rr_29.jpg,aneurysm
aneurysm/augmented_rr_3.jpg,aneurysm
aneurysm/augmented_rr_30.jpg,aneurysm
aneurysm/augmented_rr_31.jpg,aneurysm
aneurysm/augmented_rr_32.jpg,aneurysm
aneurysm/augmented_rr_33.jpg,aneurysm
aneurysm/augmented_rr_34.jpg,aneurysm
aneurysm/augmented_rr_35.jpg,aneurysm
aneurysm/augmented_rr_36.jpg,aneurysm
aneurysm/augmented_rr_37.jpg,aneurysm
aneurysm/augmented_rr_38.jpg,aneurysm
aneurysm/augmented_rr_39.jpg,aneurysm
aneurysm/augmented_rr_4.jpg,aneurysm
aneurysm/augmented_rr_40.jpg,aneurysm
aneurysm/augmented_rr_41.jpg,aneurysm
aneurysm/augmented_rr_42.jpg,aneurysm
aneurysm/augmented_rr_43.jpg,aneurysm
aneurysm/augmented_rr_44.jpg,aneurysm
aneurysm/augmented_rr_45.jpg,aneurysm
aneurysm/augmented_rr_46.jpg,aneurysm
aneurysm/augmented_rr_47.jpg,aneurysm
aneurysm/augmented_rr_48.jpg,aneurysm
aneurysm/augmented_rr_49.jpg,aneurysm
aneurysm/augmented_rr_5.jpg,aneurysm
aneurysm/augmented_rr_50.jpg,aneurysm
aneurysm/augmented_rr_51.jpg,aneurysm
aneurysm/augmented_rr_52.jpg,aneurysm
aneurysm/augmented_rr_53.jpg,aneurysm
aneurysm/augmented_rr_54.jpg,aneurysm
aneurysm/augmented_rr_55.jpg,aneurysm
aneurysm/augmented_rr_56.jpg,aneurysm
aneurysm/augmented_rr_57.jpg,aneurysm
aneurysm/augmented_rr_58.jpg,aneurysm
aneurysm/augmented_rr_59.jpg,aneurysm
aneurysm/augmented_rr_6.jpg,aneurysm
aneurysm/augmented_rr_60.jpg,aneurysm
aneurysm/augmented_rr_61.jpg,aneurysm
aneurysm/augmented_rr_62.jpg,aneurysm
aneurysm/augmented_rr_63.jpg,aneurysm
aneurysm/augmented_rr_64.jpg,aneurysm
aneurysm/augmented_rr_65.jpg,aneurysm
aneurysm/augmented_rr_66.jpg,aneurysm
aneurysm/augmented_rr_67.jpg,aneurysm
aneurysm/augmented_rr_68.jpg,aneurysm
aneurysm/augmented_rr_69.jpg,aneurysm
aneurysm/augmented_rr_7.jpg,aneurysm
aneurysm/augmented_rr_70.jpg,aneurysm
aneurysm/augmented_rr_71.jpg,aneurysm
aneurysm/augmented_rr_72.jpg,aneurysm
aneurysm/augmented_rr_73.jpg,aneurysm
aneurysm/augmented_rr_74.jpg,aneurysm
aneurysm/augmented_rr_75.jpg,aneurysm
aneurysm/augmented_rr_76.jpg,aneurysm
aneurysm/augmented_rr_77.jpg,aneurysm
aneurysm/augmented_rr_78.jpg,aneurysm
aneurysm/augmented_rr_79.jpg,aneurysm
aneurysm/augmented_rr_8.jpg,aneurysm
aneurysm/augmented_rr_80.jpg,aneurysm
aneurysm/augmented_rr_81.jpg,aneurysm
aneurysm/augmented_rr_82.jpg,aneurysm
aneurysm/augmented_rr_83.jpg,aneurysm
aneurysm/augmented_rr_9.jpg,aneurysm
aneurysm/augmented_tp_0.jpg,aneurysm
aneurysm/augmented_tp_1.jpg,aneurysm
aneurysm/augmented_tp_10.jpg,aneurysm
aneurysm/augmented_tp_11.jpg,aneurysm
aneurysm/augmented_tp_12.jpg,aneurysm
aneurysm/augmented_tp_13.jpg,aneurysm
aneurysm/augmented_tp_14.jpg,aneurysm
aneurysm/augmented_tp_15.jpg,aneurysm
aneurysm/augmented_tp_16.jpg,aneurysm
aneurysm/augmented_tp_17.jpg,aneurysm
aneurysm/augmented_tp_18.jpg,aneurysm
aneurysm/augmented_tp_19.jpg,aneurysm
aneurysm/augmented_tp_2.jpg,aneurysm
aneurysm/augmented_tp_20.jpg,aneurysm
aneurysm/augmented_tp_21.jpg,aneurysm
aneurysm/augmented_tp_22.jpg,aneurysm
aneurysm/augmented_tp_23.jpg,aneurysm
aneurysm/augmented_tp_24.jpg,aneurysm
aneurysm/augmented_tp_25.jpg,aneurysm
aneurysm/augmented_tp_26.jpg,aneurysm
aneurysm/augmented_tp_27.jpg,aneurysm
aneurysm/augmented_tp_28.jpg,aneurysm
aneurysm/augmented_tp_29.jpg,aneurysm
aneurysm/augmented_tp_3.jpg,aneurysm
aneurysm/augmented_tp_30.jpg,aneurysm
aneurysm/augmented_tp_31.jpg,aneurysm
aneurysm/augmented_tp_32.jpg,aneurysm
aneurysm/augmented_tp_33.jpg,aneurysm
aneurysm/augmented_tp_34.jpg,aneurysm
aneurysm/augmented_tp_35.jpg,aneurysm
aneurysm/augmented_tp_36.jpg,aneurysm
aneurysm/augmented_tp_37.jpg,aneurysm
aneurysm/augmented_tp_38.jpg,aneurysm
aneurysm/augmented_tp_39.jpg,aneurysm
aneurysm/augmented_tp_4.jpg,aneurysm
aneurysm/augmented_tp_40.jpg,aneurysm
aneurysm/augmented_tp_41.jpg,aneurysm
aneurysm/augmented_tp_42.jpg,aneurysm
aneurysm/augmented_tp_43.jpg,aneurysm
aneurysm/augmented_tp_44.jpg,aneurysm
aneurysm/augmented_tp_45.jpg,aneurysm
aneurysm/augmented_tp_46.jpg,aneurysm
aneurysm/augmented_tp_47.jpg,aneurysm
aneurysm/augmented_tp_48.jpg,aneurysm
aneurysm/augmented_tp_49.jpg,aneurysm
aneurysm/augmented_tp_5.jpg,aneurysm
aneurysm/augmented_tp_50.jpg,aneurysm
aneurysm/augmented_tp_51.jpg,aneurysm
aneurysm/augmented_tp_52.jpg,aneurysm
aneurysm/augmented_tp_53.jpg,aneurysm
aneurysm/augmented_tp_54.jpg,aneurysm
aneurysm/augmented_tp_55.jpg,aneurysm
aneurysm/augmented_tp_56.jpg,aneurysm
aneurysm/augmented_tp_57.jpg,aneurysm
aneurysm/augmented_tp_58.jpg,aneurysm
aneurysm/augmented_tp_59.jpg,aneurysm
aneurysm/augmented_tp_6.jpg,aneurysm
aneurysm/augmented_tp_60.jpg,aneurysm
aneurysm/augmented_tp_61.jpg,aneurysm
aneurysm/augmented_tp_62.jpg,aneurysm
aneurysm/augmented_tp_63.jpg,aneurysm
aneurysm/augmented_tp_64.jpg,aneurysm
aneurysm/augmented_tp_65.jpg,aneurysm
aneurysm/augmented_tp_66.jpg,aneurysm
aneurysm/augmented_tp_67.jpg,aneurysm
aneurysm/augmented_tp_68.jpg,aneurysm
aneurysm/augmented_tp_69.jpg,aneurysm
aneurysm/augmented_tp_7.jpg,aneurysm
aneurysm/augmented_tp_70.jpg,aneurysm
aneurysm/augmented_tp_71.jpg,aneurysm
aneurysm/augmented_tp_72.jpg,aneurysm
aneurysm/augmented_tp_73.jpg,aneurysm
aneurysm/augmented_tp_74.jpg,aneurysm
aneurysm/augmented_tp_75.jpg,aneurysm
aneurysm/augmented_tp_76.jpg,aneurysm
aneurysm/augmented_tp_77.jpg,aneurysm
aneurysm/augmented_tp_78.jpg,aneurysm
aneurysm/augmented_tp_79.jpg,aneurysm
aneurysm/augmented_tp_8.jpg,aneurysm
aneurysm/augmented_tp_80.jpg,aneurysm
aneurysm/augmented_tp_81.jpg,aneurysm
aneurysm/augmented_tp_82.jpg,aneurysm
aneurysm/augmented_tp_83.jpg,aneurysm
aneurysm/augmented_tp_9.jpg,aneurysm
aneurysm/augmented_vf_0.jpg,aneurysm
aneurysm/augmented_vf_1.jpg,aneurysm
aneurysm/augmented_vf_10.jpg,aneurysm
aneurysm/augmented_vf_11.jpg,aneurysm
aneurysm/augmented_vf_12.jpg,aneurysm
aneurysm/augmented_vf_13.jpg,aneurysm
aneurysm/augmented_vf_14.jpg,aneurysm
aneurysm/augmented_vf_15.jpg,aneurysm
aneurysm/augmented_vf_16.jpg,aneurysm
aneurysm/augmented_vf_17.jpg,aneurysm
aneurysm/augmented_vf_18.jpg,aneurysm
aneurysm/augmented_vf_19.jpg,aneurysm
aneurysm/augmented_vf_2.jpg,aneurysm
aneurysm/augmented_vf_20.jpg,aneurysm
aneurysm/augmented_vf_21.jpg,aneurysm
aneurysm/augmented_vf_22.jpg,aneurysm
aneurysm/augmented_vf_23.jpg,aneurysm
aneurysm/augmented_vf_24.jpg,aneurysm
aneurysm/augmented_vf_25.jpg,aneurysm
aneurysm/augmented_vf_26.jpg,aneurysm
aneurysm/augmented_vf_27.jpg,aneurysm
aneurysm/augmented_vf_28.jpg,aneurysm
aneurysm/augmented_vf_29.jpg,aneurysm
aneurysm/augmented_vf_3.jpg,aneurysm
aneurysm/augmented_vf_30.jpg,aneurysm
aneurysm/augmented_vf_31.jpg,aneurysm
aneurysm/augmented_vf_32.jpg,aneurysm
aneurysm/augmented_vf_33.jpg,aneurysm
aneurysm/augmented_vf_34.jpg,aneurysm
aneurysm/augmented_vf_35.jpg,aneurysm
aneurysm/augmented_vf_36.jpg,aneurysm
aneurysm/augmented_vf_37.jpg,aneurysm
aneurysm/augmented_vf_38.jpg,aneurysm
aneurysm/augmented_vf_39.jpg,aneurysm
aneurysm/augmented_vf_4.jpg,aneurysm
aneurysm/augmented_vf_40.jpg,aneurysm
aneurysm/augmented_vf_41.jpg,aneurysm
aneurysm/augmented_vf_42.jpg,aneurysm
aneurysm/augmented_vf_43.jpg,aneurysm
aneurysm/augmented_vf_44.jpg,aneurysm
aneurysm/augmented_vf_45.jpg,aneurysm
aneurysm/augmented_vf_46.jpg,aneurysm
aneurysm/augmented_vf_47.jpg,aneurysm
aneurysm/augmented_vf_48.jpg,aneurysm
aneurysm/augmented_vf_49.jpg,aneurysm
aneurysm/augmented_vf_5.jpg,aneurysm
aneurysm/augmented_vf_50.jpg,aneurysm
aneurysm/augmented_vf_51.jpg,aneurysm
aneurysm/augmented_vf_52.jpg,aneurysm
aneurysm/augmented_vf_53.jpg,aneurysm
aneurysm/augmented_vf_54.jpg,aneurysm
aneurysm/augmented_vf_55.jpg,aneurysm
aneurysm/augmented_vf_56.jpg,aneurysm
aneurysm/augmented_vf_57.jpg,aneurysm
aneurysm/augmented_vf_58.jpg,aneurysm
aneurysm/augmented_vf_59.jpg,aneurysm
aneurysm/augmented_vf_6.jpg,aneurysm
aneurysm/augmented_vf_60.jpg,aneurysm
aneurysm/augmented_vf_61.jpg,aneurysm
aneurysm/augmented_vf_62.jpg,aneurysm
aneurysm/augmented_vf_63.jpg,aneurysm
aneurysm/augmented_vf_64.jpg,aneurysm
aneurysm/augmented_vf_65.jpg,aneurysm
aneurysm/augmented_vf_66.jpg,aneurysm
aneurysm/augmented_vf_67.jpg,aneurysm
aneurysm/augmented_vf_68.jpg,aneurysm
aneurysm/augmented_vf_69.jpg,aneurysm
aneurysm/augmented_vf_7.jpg,aneurysm
aneurysm/augmented_vf_70.jpg,aneurysm
aneurysm/augmented_vf_71.jpg,aneurysm
aneurysm/augmented_vf_72.jpg,aneurysm
aneurysm/augmented_vf_73.jpg,aneurysm
aneurysm/augmented_vf_74.jpg,aneurysm
aneurysm/augmented_vf_75.jpg,aneurysm
aneurysm/augmented_vf_76.jpg,aneurysm
aneurysm/augmented_vf_77.jpg,aneurysm
aneurysm/augmented_vf_78.jpg,aneurysm
aneurysm/augmented_vf_79.jpg,aneurysm
aneurysm/augmented_vf_8.jpg,aneurysm
aneurysm/augmented_vf_80.jpg,aneurysm
aneurysm/augmented_vf_81.jpg,aneurysm
aneurysm/augmented_vf_82.jpg,aneurysm
aneurysm/augmented_vf_83.jpg,aneurysm
aneurysm/augmented_vf_9.jpg,aneurysm
cancer/0.jpg,cancer
cancer/1.jpg,cancer
cancer/10.jpg,cancer
cancer/11.jpg,cancer
cancer/12.jpg,cancer
cancer/13.jpg,cancer
cancer/14.jpg,cancer
cancer/15.jpg,cancer
cancer/16.jpg,cancer
cancer/17.jpg,cancer
cancer/18.jpg,cancer
cancer/19.jpg,cancer
cancer/2.jpg,cancer
cancer/20.jpg,cancer
cancer/21.jpg,cancer
cancer/22.jpg,cancer
cancer/23.jpg,cancer
cancer/24.jpg,cancer
cancer/25.jpg,cancer
cancer/26.jpg,cancer
cancer/27.jpg,cancer
cancer/28.jpg,cancer
cancer/29.jpg,cancer
cancer/3.jpg,cancer
cancer/30.jpg,cancer
cancer/31.jpg,cancer
cancer/32.jpg,cancer
cancer/33.jpg,cancer
cancer/34.jpg,cancer
cancer/35.jpg,cancer
cancer/36.jpg,cancer
cancer/37.jpg,cancer
cancer/38.jpg,cancer
cancer/39.jpg,cancer
cancer/4.jpg,cancer
cancer/40.jpg,cancer
cancer/41.jpg,cancer
cancer/42.jpg,cancer
cancer/43.jpg,cancer
cancer/44.jpg,cancer
cancer/45.jpg,cancer
cancer/46.jpg,cancer
cancer/47.jpg,cancer
cancer/48.jpg,cancer
cancer/49.jpg,cancer
cancer/5.jpg,cancer
cancer/50.jpg,cancer
cancer/51.jpg,cancer
cancer/52.jpg,cancer
cancer/53.jpg,cancer
cancer/54.jpg,cancer
cancer/55.jpg,cancer
cancer/56.jpg,cancer
cancer/57.jpg,cancer
cancer/58.jpg,cancer
cancer/59.jpg,cancer
cancer/6.jpg,cancer
cancer/60.jpg,cancer
cancer/61.jpg,cancer
cancer/62.jpg,cancer
cancer/63.jpg,cancer
cancer/64.jpg,cancer
cancer/65.jpg,cancer
cancer/66.jpg,cancer
cancer/67.jpg,cancer
cancer/68.jpg,cancer
cancer/69.jpg,cancer
cancer/7.jpg,cancer
cancer/70.jpg,cancer
cancer/71.jpg,cancer
cancer/72.jpg,cancer
cancer/73.jpg,cancer
cancer/74.jpg,cancer
cancer/75.jpg,cancer
cancer/76.jpg,cancer
cancer/77.jpg,cancer
cancer/78.jpg,cancer
cancer/79.jpg,cancer
cancer/8.jpg,cancer
cancer/80.jpg,cancer
cancer/81.jpg,cancer
cancer/82.jpg,cancer
cancer/83.jpg,cancer
cancer/84.jpg,cancer
cancer/85.jpg,cancer
cancer/86.jpg,cancer
cancer/87.jpg,cancer
cancer/88.jpg,cancer
cancer/89.jpg,cancer
cancer/9.jpg,cancer
cancer/90.jpg,cancer
cancer/augmented_bc_0.jpg,cancer
cancer/augmented_bc_1.jpg,cancer
cancer/augmented_bc_10.jpg,cancer
cancer/augmented_bc_11.jpg,cancer
cancer/augmented_bc_12.jpg,cancer
cancer/augmented_bc_13.jpg,cancer
cancer/augmented_bc_14.jpg,cancer
cancer/augmented_bc_15.jpg,cancer
cancer/augmented_bc_16.jpg,cancer
cancer/augmented_bc_17.jpg,cancer
cancer/augmented_bc_18.jpg,cancer
cancer/augmented_bc_19.jpg,cancer
cancer/augmented_bc_2.jpg,cancer
cancer/augmented_bc_20.jpg,cancer
cancer/augmented_bc_21.jpg,cancer
cancer/augmented_bc_22.jpg,cancer
cancer/augmented_bc_23.jpg,cancer
cancer/augmented_bc_24.jpg,cancer
cancer/augmented_bc_25.jpg,cancer
cancer/augmented_bc_26.jpg,cancer
cancer/augmented_bc_27.jpg,cancer
cancer/augmented_bc_28.jpg,cancer
cancer/augmented_bc_29.jpg,cancer
cancer/augmented_bc_3.jpg,cancer
cancer/augmented_bc_30.jpg,cancer
cancer/augmented_bc_31.jpg,cancer
cancer/augmented_bc_32.jpg,cancer
cancer/augmented_bc_33.jpg,cancer
cancer/augmented_bc_34.jpg,cancer
cancer/augmented_bc_35.jpg,cancer
cancer/augmented_bc_36.jpg,cancer
cancer/augmented_bc_37.jpg,cancer
cancer/augmented_bc_38.jpg,cancer
cancer/augmented_bc_39.jpg,cancer
cancer/augmented_bc_4.jpg,cancer
cancer/augmented_bc_40.jpg,cancer
cancer/augmented_bc_41.jpg,cancer
cancer/augmented_bc_42.jpg,cancer
cancer/augmented_bc_43.jpg,cancer
cancer/augmented_bc_44.jpg,cancer
cancer/augmented_bc_45.jpg,cancer
cancer/augmented_bc_46.jpg,cancer
cancer/augmented_bc_47.jpg,cancer
cancer/augmented_bc_48.jpg,cancer
cancer/augmented_bc_49.jpg,cancer
cancer/augmented_bc_5.jpg,cancer
cancer/augmented_bc_50.jpg,cancer
cancer/augmented_bc_51.jpg,cancer
cancer/augmented_bc_52.jpg,cancer
cancer/augmented_bc_53.jpg,cancer
cancer/augmented_bc_54.jpg,cancer
cancer/augmented_bc_55.jpg,cancer
cancer/augmented_bc_56.jpg,cancer
cancer/augmented_bc_57.jpg,cancer
cancer/augmented_bc_58.jpg,cancer
cancer/augmented_bc_59.jpg,cancer
cancer/augmented_bc_6.jpg,cancer
cancer/augmented_bc_60.jpg,cancer
cancer/augmented_bc_61.jpg,cancer
cancer/augmented_bc_62.jpg,cancer
cancer/augmented_bc_63.jpg,cancer
cancer/augmented_bc_64.jpg,cancer
cancer/augmented_bc_65.jpg,cancer
cancer/augmented_bc_66.jpg,cancer
cancer/augmented_bc_67.jpg,cancer
cancer/augmented_bc_68.jpg,cancer
cancer/augmented_bc_69.jpg,cancer
cancer/augmented_bc_7.jpg,cancer
cancer/augmented_bc_70.jpg,cancer
cancer/augmented_bc_71.jpg,cancer
cancer/augmented_bc_72.jpg,cancer
cancer/augmented_bc_73.jpg,cancer
cancer/augmented_bc_74.jpg,cancer
cancer/augmented_bc_75.jpg,cancer
cancer/augmented_bc_76.jpg,cancer
cancer/augmented_bc_77.jpg,cancer
cancer/augmented_bc_78.jpg,cancer
cancer/augmented_bc_79.jpg,cancer
cancer/augmented_bc_8.jpg,cancer
cancer/augmented_bc_80.jpg,cancer
cancer/augmented_bc_81.jpg,cancer
cancer/augmented_bc_82.jpg,cancer
cancer/augmented_bc_83.jpg,cancer
cancer/augmented_bc_84.jpg,cancer
cancer/augmented_bc_85.jpg,cancer
cancer/augmented_bc_86.jpg,cancer
cancer/augmented_bc_87.jpg,cancer
cancer/augmented_bc_88.jpg,cancer
cancer/augmented_bc_89.jpg,cancer
cancer/augmented_bc_9.jpg,cancer
cancer/augmented_bc_90.jpg,cancer
cancer/augmented_et_0.jpg,cancer
cancer/augmented_et_1.jpg,cancer
cancer/augmented_et_10.jpg,cancer
cancer/augmented_et_11.jpg,cancer
cancer/augmented_et_12.jpg,cancer
cancer/augmented_et_13.jpg,cancer
cancer/augmented_et_14.jpg,cancer
cancer/augmented_et_15.jpg,cancer
cancer/augmented_et_16.jpg,cancer
cancer/augmented_et_17.jpg,cancer
cancer/augmented_et_18.jpg,cancer
cancer/augmented_et_19.jpg,cancer
cancer/augmented_et_2.jpg,cancer
cancer/augmented_et_20.jpg,cancer
cancer/augmented_et_21.jpg,cancer
cancer/augmented_et_22.jpg,cancer
cancer/augmented_et_23.jpg,cancer
cancer/augmented_et_24.jpg,cancer
cancer/augmented_et_25.jpg,cancer
cancer/augmented_et_26.jpg,cancer
cancer/augmented_et_27.jpg,cancer
cancer/augmented_et_28.jpg,cancer
cancer/augmented_et_29.jpg,cancer
cancer/augmented_et_3.jpg,cancer
cancer/augmented_et_30.jpg,cancer
cancer/augmented_et_31.jpg,cancer
cancer/augmented_et_32.jpg,cancer
cancer/augmented_et_33.jpg,cancer
cancer/augmented_et_34.jpg,cancer
cancer/augmented_et_35.jpg,cancer
cancer/augmented_et_36.jpg,cancer
cancer/augmented_et_37.jpg,cancer
cancer/augmented_et_38.jpg,cancer
cancer/augmented_et_39.jpg,cancer
cancer/augmented_et_4.jpg,cancer
cancer/augmented_et_40.jpg,cancer
cancer/augmented_et_41.jpg,cancer
cancer/augmented_et_42.jpg,cancer
cancer/augmented_et_43.jpg,cancer
cancer/augmented_et_44.jpg,cancer
cancer/augmented_et_45.jpg,cancer
cancer/augmented_et_46.jpg,cancer
cancer/augmented_et_47.jpg,cancer
cancer/augmented_et_48.jpg,cancer
cancer/augmented_et_49.jpg,cancer
cancer/augmented_et_5.jpg,cancer
cancer/augmented_et_50.jpg,cancer
cancer/augmented_et_51.jpg,cancer
cancer/augmented_et_52.jpg,cancer
cancer/augmented_et_53.jpg,cancer
cancer/augmented_et_54.jpg,cancer
cancer/augmented_et_55.jpg,cancer
cancer/augmented_et_56.jpg,cancer
cancer/augmented_et_57.jpg,cancer
cancer/augmented_et_58.jpg,cancer
cancer/augmented_et_59.jpg,cancer
cancer/augmented_et_6.jpg,cancer
cancer/augmented_et_60.jpg,cancer
cancer/augmented_et_61.jpg,cancer
cancer/augmented_et_62.jpg,cancer
cancer/augmented_et_63.jpg,cancer
cancer/augmented_et_64.jpg,cancer
cancer/augmented_et_65.jpg,cancer
cancer/augmented_et_66.jpg,cancer
cancer/augmented_et_67.jpg,cancer
cancer/augmented_et_68.jpg,cancer
cancer/augmented_et_69.jpg,cancer
cancer/augmented_et_7.jpg,cancer
cancer/augmented_et_70.jpg,cancer
cancer/augmented_et_71.jpg,cancer
cancer/augmented_et_72.jpg,cancer
cancer/augmented_et_73.jpg,cancer
cancer/augmented_et_74.jpg,cancer
cancer/augmented_et_75.jpg,cancer
cancer/augmented_et_76.jpg,cancer
cancer/augmented_et_77.jpg,cancer
cancer/augmented_et_78.jpg,cancer
cancer/augmented_et_79.jpg,cancer
cancer/augmented_et_8.jpg,cancer
cancer/augmented_et_80.jpg,cancer
cancer/augmented_et_81.jpg,cancer
cancer/augmented_et_82.jpg,cancer
cancer/augmented_et_83.jpg,cancer
cancer/augmented_et_84.jpg,cancer
cancer/augmented_et_85.jpg,cancer
cancer/augmented_et_86.jpg,cancer
cancer/augmented_et_87.jpg,cancer
cancer/augmented_et_88.jpg,cancer
cancer/augmented_et_89.jpg,cancer
cancer/augmented_et_9.jpg,cancer
cancer/augmented_et_90.jpg,cancer
cancer/augmented_gb_0.jpg,cancer
cancer/augmented_gb_1.jpg,cancer
cancer/augmented_gb_10.jpg,cancer
cancer/augmented_gb_11.jpg,cancer
cancer/augmented_gb_12.jpg,cancer
cancer/augmented_gb_13.jpg,cancer
cancer/augmented_gb_14.jpg,cancer
cancer/augmented_gb_15.jpg,cancer
cancer/augmented_gb_16.jpg,cancer
cancer/augmented_gb_17.jpg,cancer
cancer/augmented_gb_18.jpg,cancer
cancer/augmented_gb_19.jpg,cancer
cancer/augmented_gb_2.jpg,cancer
cancer/augmented_gb_20.jpg,cancer
cancer/augmented_gb_21.jpg,cancer
cancer/augmented_gb_22.jpg,cancer
cancer/augmented_gb_23.jpg,cancer
cancer/augmented_gb_24.jpg,cancer
cancer/augmented_gb_25.jpg,cancer
cancer/augmented_gb_26.jpg,cancer
cancer/augmented_gb_27.jpg,cancer
cancer/augmented_gb_28.jpg,cancer
cancer/augmented_gb_29.jpg,cancer
cancer/augmented_gb_3.jpg,cancer
cancer/augmented_gb_30.jpg,cancer
cancer/augmented_gb_31.jpg,cancer
cancer/augmented_gb_32.jpg,cancer
cancer/augmented_gb_33.jpg,cancer
cancer/augmented_gb_34.jpg,cancer
cancer/augmented_gb_35.jpg,cancer
cancer/augmented_gb_36.jpg,cancer
cancer/augmented_gb_37.jpg,cancer
cancer/augmented_gb_38.jpg,cancer
cancer/augmented_gb_39.jpg,cancer
cancer/augmented_gb_4.jpg,cancer
cancer/augmented_gb_40.jpg,cancer
cancer/augmented_gb_41.jpg,cancer
cancer/augmented_gb_42.jpg,cancer
cancer/augmented_gb_43.jpg,cancer
cancer/augmented_gb_44.jpg,cancer
cancer/augmented_gb_45.jpg,cancer
cancer/augmented_gb_46.jpg,cancer
cancer/augmented_gb_47.jpg,cancer
cancer/augmented_gb_48.jpg,cancer
cancer/augmented_gb_49.jpg,cancer
cancer/augmented_gb_5.jpg,cancer
cancer/augmented_gb_50.jpg,cancer
cancer/augmented_gb_51.jpg,cancer
cancer/augmented_gb_52.jpg,cancer
cancer/augmented_gb_53.jpg,cancer
cancer/augmented_gb_54.jpg,cancer
cancer/augmented_gb_55.jpg,cancer
cancer/augmented_gb_56.jpg,cancer
cancer/augmented_gb_57.jpg,cancer
cancer/augmented_gb_58.jpg,cancer
cancer/augmented_gb_59.jpg,cancer
cancer/augmented_gb_6.jpg,cancer
cancer/augmented_gb_60.jpg,cancer
cancer/augmented_gb_61.jpg,cancer
cancer/augmented_gb_62.jpg,cancer
cancer/augmented_gb_63.jpg,cancer
cancer/augmented_gb_64.jpg,cancer
cancer/augmented_gb_65.jpg,cancer
cancer/augmented_gb_66.jpg,cancer
cancer/augmented_gb_67.jpg,cancer
cancer/augmented_gb_68.jpg,cancer
cancer/augmented_gb_69.jpg,cancer
cancer/augmented_gb_7.jpg,cancer
cancer/augmented_gb_70.jpg,cancer
cancer/augmented_gb_71.jpg,cancer
cancer/augmented_gb_72.jpg,cancer
cancer/augmented_gb_73.jpg,cancer
cancer/augmented_gb_74.jpg,cancer
cancer/augmented_gb_75.jpg,cancer
cancer/augmented_gb_76.jpg,cancer
cancer/augmented_gb_77.jpg,cancer
cancer/augmented_gb_78.jpg,cancer
cancer/augmented_gb_79.jpg,cancer
cancer/augmented_gb_8.jpg,cancer
cancer/augmented_gb_80.jpg,cancer
cancer/augmented_gb_81.jpg,cancer
cancer/augmented_gb_82.jpg,cancer
cancer/augmented_gb_83.jpg,cancer
cancer/augmented_gb_84.jpg,cancer
cancer/augmented_gb_85.jpg,cancer
cancer/augmented_gb_86.jpg,cancer
cancer/augmented_gb_87.jpg,cancer
cancer/augmented_gb_88.jpg,cancer
cancer/augmented_gb_89.jpg,cancer
cancer/augmented_gb_9.jpg,cancer
cancer/augmented_gb_90.jpg,cancer
cancer/augmented_hf_0.jpg,cancer
cancer/augmented_hf_1.jpg,cancer
cancer/augmented_hf_10.jpg,cancer
cancer/augmented_hf_11.jpg,cancer
cancer/augmented_hf_12.jpg,cancer
cancer/augmented_hf_13.jpg,cancer
cancer/augmented_hf_14.jpg,cancer
cancer/augmented_hf_15.jpg,cancer
cancer/augmented_hf_16.jpg,cancer
cancer/augmented_hf_17.jpg,cancer
cancer/augmented_hf_18.jpg,cancer
cancer/augmented_hf_19.jpg,cancer
cancer/augmented_hf_2.jpg,cancer
cancer/augmented_hf_20.jpg,cancer
cancer/augmented_hf_21.jpg,cancer
cancer/augmented_hf_22.jpg,cancer
cancer/augmented_hf_23.jpg,cancer
cancer/augmented_hf_24.jpg,cancer
cancer/augmented_hf_25.jpg,cancer
cancer/augmented_hf_26.jpg,cancer
cancer/augmented_hf_27.jpg,cancer
cancer/augmented_hf_28.jpg,cancer
cancer/augmented_hf_29.jpg,cancer
cancer/augmented_hf_3.jpg,cancer
cancer/augmented_hf_30.jpg,cancer
cancer/augmented_hf_31.jpg,cancer
cancer/augmented_hf_32.jpg,cancer
cancer/augmented_hf_33.jpg,cancer
cancer/augmented_hf_34.jpg,cancer
cancer/augmented_hf_35.jpg,cancer
cancer/augmented_hf_36.jpg,cancer
cancer/augmented_hf_37.jpg,cancer
cancer/augmented_hf_38.jpg,cancer
cancer/augmented_hf_39.jpg,cancer
cancer/augmented_hf_4.jpg,cancer
cancer/augmented_hf_40.jpg,cancer
cancer/augmented_hf_41.jpg,cancer
cancer/augmented_hf_42.jpg,cancer
cancer/augmented_hf_43.jpg,cancer
cancer/augmented_hf_44.jpg,cancer
cancer/augmented_hf_45.jpg,cancer
cancer/augmented_hf_46.jpg,cancer
cancer/augmented_hf_47.jpg,cancer
cancer/augmented_hf_48.jpg,cancer
cancer/augmented_hf_49.jpg,cancer
cancer/augmented_hf_5.jpg,cancer
cancer/augmented_hf_50.jpg,cancer
cancer/augmented_hf_51.jpg,cancer
cancer/augmented_hf_52.jpg,cancer
cancer/augmented_hf_53.jpg,cancer
cancer/augmented_hf_54.jpg,cancer
cancer/augmented_hf_55.jpg,cancer
cancer/augmented_hf_56.jpg,cancer
cancer/augmented_hf_57.jpg,cancer
cancer/augmented_hf_58.jpg,cancer
cancer/augmented_hf_59.jpg,cancer
cancer/augmented_hf_6.jpg,cancer
cancer/augmented_hf_60.jpg,cancer
cancer/augmented_hf_61.jpg,cancer
cancer/augmented_hf_62.jpg,cancer
cancer/augmented_hf_63.jpg,cancer
cancer/augmented_hf_64.jpg,cancer
cancer/augmented_hf_65.jpg,cancer
cancer/augmented_hf_66.jpg,cancer
cancer/augmented_hf_67.jpg,cancer
cancer/augmented_hf_68.jpg,cancer
cancer/augmented_hf_69.jpg,cancer
cancer/augmented_hf_7.jpg,cancer
cancer/augmented_hf_70.jpg,cancer
cancer/augmented_hf_71.jpg,cancer
cancer/augmented_hf_72.jpg,cancer
cancer/augmented_hf_73.jpg,cancer
cancer/augmented_hf_74.jpg,cancer
cancer/augmented_hf_75.jpg,cancer
cancer/augmented_hf_76.jpg,cancer
cancer/augmented_hf_77.jpg,cancer
cancer/augmented_hf_78.jpg,cancer
cancer/augmented_hf_79.jpg,cancer
cancer/augmented_hf_8.jpg,cancer
cancer/augmented_hf_80.jpg,cancer
cancer/augmented_hf_81.jpg,cancer
cancer/augmented_hf_82.jpg,cancer
cancer/augmented_hf_83.jpg,cancer
cancer/augmented_hf_84.jpg,cancer
cancer/augmented_hf_85.jpg,cancer
cancer/augmented_hf_86.jpg,cancer
cancer/augmented_hf_87.jpg,cancer
cancer/augmented_hf_88.jpg,cancer
cancer/augmented_hf_89.jpg,cancer
cancer/augmented_hf_9.jpg,cancer
cancer/augmented_hf_90.jpg,cancer
cancer/augmented_rc_0.jpg,cancer
cancer/augmented_rc_1.jpg,cancer
cancer/augmented_rc_10.jpg,cancer
cancer/augmented_rc_11.jpg,cancer
cancer/augmented_rc_12.jpg,cancer
cancer/augmented_rc_13.jpg,cancer
cancer/augmented_rc_14.jpg,cancer
cancer/augmented_rc_15.jpg,cancer
cancer/augmented_rc_16.jpg,cancer
cancer/augmented_rc_17.jpg,cancer
cancer/augmented_rc_18.jpg,cancer
cancer/augmented_rc_19.jpg,cancer
cancer/augmented_rc_2.jpg,cancer
cancer/augmented_rc_20.jpg,cancer
cancer/augmented_rc_21.jpg,cancer
cancer/augmented_rc_22.jpg,cancer
cancer/augmented_rc_23.jpg,cancer
cancer/augmented_rc_24.jpg,cancer
cancer/augmented_rc_25.jpg,cancer
cancer/augmented_rc_26.jpg,cancer
cancer/augmented_rc_27.jpg,cancer
cancer/augmented_rc_28.jpg,cancer
cancer/augmented_rc_29.jpg,cancer
cancer/augmented_rc_3.jpg,cancer
cancer/augmented_rc_30.jpg,cancer
cancer/augmented_rc_31.jpg,cancer
cancer/augmented_rc_32.jpg,cancer
cancer/augmented_rc_33.jpg,cancer
cancer/augmented_rc_34.jpg,cancer
cancer/augmented_rc_35.jpg,cancer
cancer/augmented_rc_36.jpg,cancer
cancer/augmented_rc_37.jpg,cancer
cancer/augmented_rc_38.jpg,cancer
cancer/augmented_rc_39.jpg,cancer
cancer/augmented_rc_4.jpg,cancer
cancer/augmented_rc_40.jpg,cancer
cancer/augmented_rc_41.jpg,cancer
cancer/augmented_rc_42.jpg,cancer
cancer/augmented_rc_43.jpg,cancer
cancer/augmented_rc_44.jpg,cancer
cancer/augmented_rc_45.jpg,cancer
cancer/augmented_rc_46.jpg,cancer
cancer/augmented_rc_47.jpg,cancer
cancer/augmented_rc_48.jpg,cancer
cancer/augmented_rc_49.jpg,cancer
cancer/augmented_rc_5.jpg,cancer
cancer/augmented_rc_50.jpg,cancer
cancer/augmented_rc_51.jpg,cancer
cancer/augmented_rc_52.jpg,cancer
cancer/augmented_rc_53.jpg,cancer
cancer/augmented_rc_54.jpg,cancer
cancer/augmented_rc_55.jpg,cancer
cancer/augmented_rc_56.jpg,cancer
cancer/augmented_rc_57.jpg,cancer
cancer/augmented_rc_58.jpg,cancer
cancer/augmented_rc_59.jpg,cancer
cancer/augmented_rc_6.jpg,cancer
cancer/augmented_rc_60.jpg,cancer
cancer/augmented_rc_61.jpg,cancer
cancer/augmented_rc_62.jpg,cancer
cancer/augmented_rc_63.jpg,cancer
cancer/augmented_rc_64.jpg,cancer
cancer/augmented_rc_65.jpg,cancer
cancer/augmented_rc_66.jpg,cancer
cancer/augmented_rc_67.jpg,cancer
cancer/augmented_rc_68.jpg,cancer
cancer/augmented_rc_69.jpg,cancer
cancer/augmented_rc_7.jpg,cancer
cancer/augmented_rc_70.jpg,cancer
cancer/augmented_rc_71.jpg,cancer
cancer/augmented_rc_72.jpg,cancer
cancer/augmented_rc_73.jpg,cancer
cancer/augmented_rc_74.jpg,cancer
cancer/augmented_rc_75.jpg,cancer
cancer/augmented_rc_76.jpg,cancer
cancer/augmented_rc_77.jpg,cancer
cancer/augmented_rc_78.jpg,cancer
cancer/augmented_rc_79.jpg,cancer
cancer/augmented_rc_8.jpg,cancer
cancer/augmented_rc_80.jpg,cancer
cancer/augmented_rc_81.jpg,cancer
cancer/augmented_rc_82.jpg,cancer
cancer/augmented_rc_83.jpg,cancer
cancer/augmented_rc_84.jpg,cancer
cancer/augmented_rc_85.jpg,cancer
cancer/augmented_rc_86.jpg,cancer
cancer/augmented_rc_87.jpg,cancer
cancer/augmented_rc_88.jpg,cancer
cancer/augmented_rc_89.jpg,cancer
cancer/augmented_rc_9.jpg,cancer
cancer/augmented_rc_90.jpg,cancer
cancer/augmented_resize_0.jpg,cancer
cancer/augmented_resize_1.jpg,cancer
cancer/augmented_resize_10.jpg,cancer
cancer/augmented_resize_11.jpg,cancer
cancer/augmented_resize_12.jpg,cancer
cancer/augmented_resize_13.jpg,cancer
cancer/augmented_resize_14.jpg,cancer
cancer/augmented_resize_15.jpg,cancer
cancer/augmented_resize_16.jpg,cancer
cancer/augmented_resize_17.jpg,cancer
cancer/augmented_resize_18.jpg,cancer
cancer/augmented_resize_19.jpg,cancer
cancer/augmented_resize_2.jpg,cancer
cancer/augmented_resize_20.jpg,cancer
cancer/augmented_resize_21.jpg,cancer
cancer/augmented_resize_22.jpg,cancer
cancer/augmented_resize_23.jpg,cancer
cancer/augmented_resize_24.jpg,cancer
cancer/augmented_resize_25.jpg,cancer
cancer/augmented_resize_26.jpg,cancer
cancer/augmented_resize_27.jpg,cancer
cancer/augmented_resize_28.jpg,cancer
cancer/augmented_resize_29.jpg,cancer
cancer/augmented_resize_3.jpg,cancer
cancer/augmented_resize_30.jpg,cancer
cancer/augmented_resize_31.jpg,cancer
cancer/augmented_resize_32.jpg,cancer
cancer/augmented_resize_33.jpg,cancer
cancer/augmented_resize_34.jpg,cancer
cancer/augmented_resize_35.jpg,cancer
cancer/augmented_resize_36.jpg,cancer
cancer/augmented_resize_37.jpg,cancer
cancer/augmented_resize_38.jpg,cancer
cancer/augmented_resize_39.jpg,cancer
cancer/augmented_resize_4.jpg,cancer
cancer/augmented_resize_40.jpg,cancer
cancer/augmented_resize_41.jpg,cancer
cancer/augmented_resize_42.jpg,cancer
cancer/augmented_resize_43.jpg,cancer
cancer/augmented_resize_44.jpg,cancer
cancer/augmented_resize_45.jpg,cancer
cancer/augmented_resize_46.jpg,cancer
cancer/augmented_resize_47.jpg,cancer
cancer/augmented_resize_48.jpg,cancer
cancer/augmented_resize_49.jpg,cancer
cancer/augmented_resize_5.jpg,cancer
cancer/augmented_resize_50.jpg,cancer
cancer/augmented_resize_51.jpg,cancer
cancer/augmented_resize_52.jpg,cancer
cancer/augmented_resize_53.jpg,cancer
cancer/augmented_resize_54.jpg,cancer
cancer/augmented_resize_55.jpg,cancer
cancer/augmented_resize_56.jpg,cancer
cancer/augmented_resize_57.jpg,cancer
cancer/augmented_resize_58.jpg,cancer
cancer/augmented_resize_59.jpg,cancer
cancer/augmented_resize_6.jpg,cancer
cancer/augmented_resize_60.jpg,cancer
cancer/augmented_resize_61.jpg,cancer
cancer/augmented_resize_62.jpg,cancer
cancer/augmented_resize_63.jpg,cancer
cancer/augmented_resize_64.jpg,cancer
cancer/augmented_resize_65.jpg,cancer
cancer/augmented_resize_66.jpg,cancer
cancer/augmented_resize_67.jpg,cancer
cancer/augmented_resize_68.jpg,cancer
cancer/augmented_resize_69.jpg,cancer
cancer/augmented_resize_7.jpg,cancer
cancer/augmented_resize_70.jpg,cancer
cancer/augmented_resize_71.jpg,cancer
cancer/augmented_resize_72.jpg,cancer
cancer/augmented_resize_73.jpg,cancer
cancer/augmented_resize_74.jpg,cancer
cancer/augmented_resize_75.jpg,cancer
cancer/augmented_resize_76.jpg,cancer
cancer/augmented_resize_77.jpg,cancer
cancer/augmented_resize_78.jpg,cancer
cancer/augmented_resize_79.jpg,cancer
cancer/augmented_resize_8.jpg,cancer
cancer/augmented_resize_80.jpg,cancer
cancer/augmented_resize_81.jpg,cancer
cancer/augmented_resize_82.jpg,cancer
cancer/augmented_resize_83.jpg,cancer
cancer/augmented_resize_84.jpg,cancer
cancer/augmented_resize_85.jpg,cancer
cancer/augmented_resize_86.jpg,cancer
cancer/augmented_resize_87.jpg,cancer
cancer/augmented_resize_88.jpg,cancer
cancer/augmented_resize_89.jpg,cancer
cancer/augmented_resize_9.jpg,cancer
cancer/augmented_resize_90.jpg,cancer
cancer/augmented_rr_0.jpg,cancer
cancer/augmented_rr_1.jpg,cancer
cancer/augmented_rr_10.jpg,cancer
cancer/augmented_rr_11.jpg,cancer
cancer/augmented_rr_12.jpg,cancer
cancer/augmented_rr_13.jpg,cancer
cancer/augmented_rr_14.jpg,cancer
cancer/augmented_rr_15.jpg,cancer
cancer/augmented_rr_16.jpg,cancer
cancer/augmented_rr_17.jpg,cancer
cancer/augmented_rr_18.jpg,cancer
cancer/augmented_rr_19.jpg,cancer
cancer/augmented_rr_2.jpg,cancer
cancer/augmented_rr_20.jpg,cancer
cancer/augmented_rr_21.jpg,cancer
cancer/augmented_rr_22.jpg,cancer
cancer/augmented_rr_23.jpg,cancer
cancer/augmented_rr_24.jpg,cancer
cancer/augmented_rr_25.jpg,cancer
cancer/augmented_rr_26.jpg,cancer
cancer/augmented_rr_27.jpg,cancer
cancer/augmented_rr_28.jpg,cancer
cancer/augmented_rr_29.jpg,cancer
cancer/augmented_rr_3.jpg,cancer
cancer/augmented_rr_30.jpg,cancer
cancer/augmented_rr_31.jpg,cancer
cancer/augmented_rr_32.jpg,cancer
cancer/augmented_rr_33.jpg,cancer
cancer/augmented_rr_34.jpg,cancer
cancer/augmented_rr_35.jpg,cancer
cancer/augmented_rr_36.jpg,cancer
cancer/augmented_rr_37.jpg,cancer
cancer/augmented_rr_38.jpg,cancer
cancer/augmented_rr_39.jpg,cancer
cancer/augmented_rr_4.jpg,cancer
cancer/augmented_rr_40.jpg,cancer
cancer/augmented_rr_41.jpg,cancer
cancer/augmented_rr_42.jpg,cancer
cancer/augmented_rr_43.jpg,cancer
cancer/augmented_rr_44.jpg,cancer
cancer/augmented_rr_45.jpg,cancer
cancer/augmented_rr_46.jpg,cancer
cancer/augmented_rr_47.jpg,cancer
cancer/augmented_rr_48.jpg,cancer
cancer/augmented_rr_49.jpg,cancer
cancer/augmented_rr_5.jpg,cancer
cancer/augmented_rr_50.jpg,cancer
cancer/augmented_rr_51.jpg,cancer
cancer/augmented_rr_52.jpg,cancer
cancer/augmented_rr_53.jpg,cancer
cancer/augmented_rr_54.jpg,cancer
cancer/augmented_rr_55.jpg,cancer
cancer/augmented_rr_56.jpg,cancer
cancer/augmented_rr_57.jpg,cancer
cancer/augmented_rr_58.jpg,cancer
cancer/augmented_rr_59.jpg,cancer
cancer/augmented_rr_6.jpg,cancer
cancer/augmented_rr_60.jpg,cancer
cancer/augmented_rr_61.jpg,cancer
cancer/augmented_rr_62.jpg,cancer
cancer/augmented_rr_63.jpg,cancer
cancer/augmented_rr_64.jpg,cancer
cancer/augmented_rr_65.jpg,cancer
cancer/augmented_rr_66.jpg,cancer
cancer/augmented_rr_67.jpg,cancer
cancer/augmented_rr_68.jpg,cancer
cancer/augmented_rr_69.jpg,cancer
cancer/augmented_rr_7.jpg,cancer
cancer/augmented_rr_70.jpg,cancer
cancer/augmented_rr_71.jpg,cancer
cancer/augmented_rr_72.jpg,cancer
cancer/augmented_rr_73.jpg,cancer
cancer/augmented_rr_74.jpg,cancer
cancer/augmented_rr_75.jpg,cancer
cancer/augmented_rr_76.jpg,cancer
cancer/augmented_rr_77.jpg,cancer
cancer/augmented_rr_78.jpg,cancer
cancer/augmented_rr_79.jpg,cancer
cancer/augmented_rr_8.jpg,cancer
cancer/augmented_rr_80.jpg,cancer
cancer/augmented_rr_81.jpg,cancer
cancer/augmented_rr_82.jpg,cancer
cancer/augmented_rr_83.jpg,cancer
cancer/augmented_rr_84.jpg,cancer
cancer/augmented_rr_85.jpg,cancer
cancer/augmented_rr_86.jpg,cancer
cancer/augmented_rr_87.jpg,cancer
cancer/augmented_rr_88.jpg,cancer
cancer/augmented_rr_89.jpg,cancer
cancer/augmented_rr_9.jpg,cancer
cancer/augmented_rr_90.jpg,cancer
cancer/augmented_tp_0.jpg,cancer
cancer/augmented_tp_1.jpg,cancer
cancer/augmented_tp_10.jpg,cancer
cancer/augmented_tp_11.jpg,cancer
cancer/augmented_tp_12.jpg,cancer
cancer/augmented_tp_13.jpg,cancer
cancer/augmented_tp_14.jpg,cancer
cancer/augmented_tp_15.jpg,cancer
cancer/augmented_tp_16.jpg,cancer
cancer/augmented_tp_17.jpg,cancer
cancer/augmented_tp_18.jpg,cancer
cancer/augmented_tp_19.jpg,cancer
cancer/augmented_tp_2.jpg,cancer
cancer/augmented_tp_20.jpg,cancer
cancer/augmented_tp_21.jpg,cancer
cancer/augmented_tp_22.jpg,cancer
cancer/augmented_tp_23.jpg,cancer
cancer/augmented_tp_24.jpg,cancer
cancer/augmented_tp_25.jpg,cancer
cancer/augmented_tp_26.jpg,cancer
cancer/augmented_tp_27.jpg,cancer
cancer/augmented_tp_28.jpg,cancer
cancer/augmented_tp_29.jpg,cancer
cancer/augmented_tp_3.jpg,cancer
cancer/augmented_tp_30.jpg,cancer
cancer/augmented_tp_31.jpg,cancer
cancer/augmented_tp_32.jpg,cancer
cancer/augmented_tp_33.jpg,cancer
cancer/augmented_tp_34.jpg,cancer
cancer/augmented_tp_35.jpg,cancer
cancer/augmented_tp_36.jpg,cancer
cancer/augmented_tp_37.jpg,cancer
cancer/augmented_tp_38.jpg,cancer
cancer/augmented_tp_39.jpg,cancer
cancer/augmented_tp_4.jpg,cancer
cancer/augmented_tp_40.jpg,cancer
cancer/augmented_tp_41.jpg,cancer
cancer/augmented_tp_42.jpg,cancer
cancer/augmented_tp_43.jpg,cancer
cancer/augmented_tp_44.jpg,cancer
cancer/augmented_tp_45.jpg,cancer
cancer/augmented_tp_46.jpg,cancer
cancer/augmented_tp_47.jpg,cancer
cancer/augmented_tp_48.jpg,cancer
cancer/augmented_tp_49.jpg,cancer
cancer/augmented_tp_5.jpg,cancer
cancer/augmented_tp_50.jpg,cancer
cancer/augmented_tp_51.jpg,cancer
cancer/augmented_tp_52.jpg,cancer
cancer/augmented_tp_53.jpg,cancer
cancer/augmented_tp_54.jpg,cancer
cancer/augmented_tp_55.jpg,cancer
cancer/augmented_tp_56.jpg,cancer
cancer/augmented_tp_57.jpg,cancer
cancer/augmented_tp_58.jpg,cancer
cancer/augmented_tp_59.jpg,cancer
cancer/augmented_tp_6.jpg,cancer
cancer/augmented_tp_60.jpg,cancer
cancer/augmented_tp_61.jpg,cancer
cancer/augmented_tp_62.jpg,cancer
cancer/augmented_tp_63.jpg,cancer
cancer/augmented_tp_64.jpg,cancer
cancer/augmented_tp_65.jpg,cancer
cancer/augmented_tp_66.jpg,cancer
cancer/augmented_tp_67.jpg,cancer
cancer/augmented_tp_68.jpg,cancer
cancer/augmented_tp_69.jpg,cancer
cancer/augmented_tp_7.jpg,cancer
cancer/augmented_tp_70.jpg,cancer
cancer/augmented_tp_71.jpg,cancer
cancer/augmented_tp_72.jpg,cancer
cancer/augmented_tp_73.jpg,cancer
cancer/augmented_tp_74.jpg,cancer
cancer/augmented_tp_75.jpg,cancer
cancer/augmented_tp_76.jpg,cancer
cancer/augmented_tp_77.jpg,cancer
cancer/augmented_tp_78.jpg,cancer
cancer/augmented_tp_79.jpg,cancer
cancer/augmented_tp_8.jpg,cancer
cancer/augmented_tp_80.jpg,cancer
cancer/augmented_tp_81.jpg,cancer
cancer/augmented_tp_82.jpg,cancer
cancer/augmented_tp_83.jpg,cancer
cancer/augmented_tp_84.jpg,cancer
cancer/augmented_tp_85.jpg,cancer
cancer/augmented_tp_86.jpg,cancer
cancer/augmented_tp_87.jpg,cancer
cancer/augmented_tp_88.jpg,cancer
cancer/augmented_tp_89.jpg,cancer
cancer/augmented_tp_9.jpg,cancer
cancer/augmented_tp_90.jpg,cancer
cancer/augmented_vf_0.jpg,cancer
cancer/augmented_vf_1.jpg,cancer
cancer/augmented_vf_10.jpg,cancer
cancer/augmented_vf_11.jpg,cancer
cancer/augmented_vf_12.jpg,cancer
cancer/augmented_vf_13.jpg,cancer
cancer/augmented_vf_14.jpg,cancer
cancer/augmented_vf_15.jpg,cancer
cancer/augmented_vf_16.jpg,cancer
cancer/augmented_vf_17.jpg,cancer
cancer/augmented_vf_18.jpg,cancer
cancer/augmented_vf_19.jpg,cancer
cancer/augmented_vf_2.jpg,cancer
cancer/augmented_vf_20.jpg,cancer
cancer/augmented_vf_21.jpg,cancer
cancer/augmented_vf_22.jpg,cancer
cancer/augmented_vf_23.jpg,cancer
cancer/augmented_vf_24.jpg,cancer
cancer/augmented_vf_25.jpg,cancer
cancer/augmented_vf_26.jpg,cancer
cancer/augmented_vf_27.jpg,cancer
cancer/augmented_vf_28.jpg,cancer
cancer/augmented_vf_29.jpg,cancer
cancer/augmented_vf_3.jpg,cancer
cancer/augmented_vf_30.jpg,cancer
cancer/augmented_vf_31.jpg,cancer
cancer/augmented_vf_32.jpg,cancer
cancer/augmented_vf_33.jpg,cancer
cancer/augmented_vf_34.jpg,cancer
cancer/augmented_vf_35.jpg,cancer
cancer/augmented_vf_36.jpg,cancer
cancer/augmented_vf_37.jpg,cancer
cancer/augmented_vf_38.jpg,cancer
cancer/augmented_vf_39.jpg,cancer
cancer/augmented_vf_4.jpg,cancer
cancer/augmented_vf_40.jpg,cancer
cancer/augmented_vf_41.jpg,cancer
cancer/augmented_vf_42.jpg,cancer
cancer/augmented_vf_43.jpg,cancer
cancer/augmented_vf_44.jpg,cancer
cancer/augmented_vf_45.jpg,cancer
cancer/augmented_vf_46.jpg,cancer
cancer/augmented_vf_47.jpg,cancer
cancer/augmented_vf_48.jpg,cancer
cancer/augmented_vf_49.jpg,cancer
cancer/augmented_vf_5.jpg,cancer
cancer/augmented_vf_50.jpg,cancer
cancer/augmented_vf_51.jpg,cancer
cancer/augmented_vf_52.jpg,cancer
cancer/augmented_vf_53.jpg,cancer
cancer/augmented_vf_54.jpg,cancer
cancer/augmented_vf_55.jpg,cancer
cancer/augmented_vf_56.jpg,cancer
cancer/augmented_vf_57.jpg,cancer
cancer/augmented_vf_58.jpg,cancer
cancer/augmented_vf_59.jpg,cancer
cancer/augmented_vf_6.jpg,cancer
cancer/augmented_vf_60.jpg,cancer
cancer/augmented_vf_61.jpg,cancer
cancer/augmented_vf_62.jpg,cancer
cancer/augmented_vf_63.jpg,cancer
cancer/augmented_vf_64.jpg,cancer
cancer/augmented_vf_65.jpg,cancer
cancer/augmented_vf_66.jpg,cancer
cancer/augmented_vf_67.jpg,cancer
cancer/augmented_vf_68.jpg,cancer
cancer/augmented_vf_69.jpg,cancer
cancer/augmented_vf_7.jpg,cancer
cancer/augmented_vf_70.jpg,cancer
cancer/augmented_vf_71.jpg,cancer
cancer/augmented_vf_72.jpg,cancer
cancer/augmented_vf_73.jpg,cancer
cancer/augmented_vf_74.jpg,cancer
cancer/augmented_vf_75.jpg,cancer
cancer/augmented_vf_76.jpg,cancer
cancer/augmented_vf_77.jpg,cancer
cancer/augmented_vf_78.jpg,cancer
cancer/augmented_vf_79.jpg,cancer
cancer/augmented_vf_8.jpg,cancer
cancer/augmented_vf_80.jpg,cancer
cancer/augmented_vf_81.jpg,cancer
cancer/augmented_vf_82.jpg,cancer
cancer/augmented_vf_83.jpg,cancer
cancer/augmented_vf_84.jpg,cancer
cancer/augmented_vf_85.jpg,cancer
cancer/augmented_vf_86.jpg,cancer
cancer/augmented_vf_87.jpg,cancer
cancer/augmented_vf_88.jpg,cancer
cancer/augmented_vf_89.jpg,cancer
cancer/augmented_vf_9.jpg,cancer
cancer/augmented_vf_90.jpg,cancer
tumor/0.jpg,tumor
tumor/1.jpg,tumor
tumor/10.jpg,tumor
tumor/11.jpg,tumor
tumor/12.jpg,tumor
tumor/13.jpg,tumor
tumor/14.jpg,tumor
tumor/15.jpg,tumor
tumor/16.jpg,tumor
tumor/17.jpg,tumor
tumor/18.jpg,tumor
tumor/19.jpg,tumor
tumor/2.jpg,tumor
tumor/20.jpg,tumor
tumor/21.jpg,tumor
tumor/22.jpg,tumor
tumor/23.jpg,tumor
tumor/24.jpg,tumor
tumor/25.jpg,tumor
tumor/26.jpg,tumor
tumor/27.jpg,tumor
tumor/28.jpg,tumor
tumor/29.jpg,tumor
tumor/3.jpg,tumor
tumor/30.jpg,tumor
tumor/31.jpg,tumor
tumor/32.jpg,tumor
tumor/33.jpg,tumor
tumor/34.jpg,tumor
tumor/35.jpg,tumor
tumor/36.jpg,tumor
tumor/37.jpg,tumor
tumor/38.jpg,tumor
tumor/39.jpg,tumor
tumor/4.jpg,tumor
tumor/40.jpg,tumor
tumor/41.jpg,tumor
tumor/42.jpg,tumor
tumor/43.jpg,tumor
tumor/44.jpg,tumor
tumor/45.jpg,tumor
tumor/46.jpg,tumor
tumor/47.jpg,tumor
tumor/48.jpg,tumor
tumor/49.jpg,tumor
tumor/5.jpg,tumor
tumor/50.jpg,tumor
tumor/51.jpg,tumor
tumor/52.jpg,tumor
tumor/53.jpg,tumor
tumor/54.jpg,tumor
tumor/55.jpg,tumor
tumor/56.jpg,tumor
tumor/57.jpg,tumor
tumor/58.jpg,tumor
tumor/59.jpg,tumor
tumor/6.jpg,tumor
tumor/60.jpg,tumor
tumor/61.jpg,tumor
tumor/62.jpg,tumor
tumor/63.jpg,tumor
tumor/64.jpg,tumor
tumor/65.jpg,tumor
tumor/66.jpg,tumor
tumor/67.jpg,tumor
tumor/68.jpg,tumor
tumor/69.jpg,tumor
tumor/7.jpg,tumor
tumor/70.jpg,tumor
tumor/71.jpg,tumor
tumor/72.jpg,tumor
tumor/73.jpg,tumor
tumor/74.jpg,tumor
tumor/75.jpg,tumor
tumor/76.jpg,tumor
tumor/77.jpg,tumor
tumor/78.jpg,tumor
tumor/79.jpg,tumor
tumor/8.jpg,tumor
tumor/80.jpg,tumor
tumor/81.jpg,tumor
tumor/82.jpg,tumor
tumor/83.jpg,tumor
tumor/9.jpg,tumor
tumor/augmented_bc_0.jpg,tumor
tumor/augmented_bc_1.jpg,tumor
tumor/augmented_bc_10.jpg,tumor
tumor/augmented_bc_11.jpg,tumor
tumor/augmented_bc_12.jpg,tumor
tumor/augmented_bc_13.jpg,tumor
tumor/augmented_bc_14.jpg,tumor
tumor/augmented_bc_15.jpg,tumor
tumor/augmented_bc_16.jpg,tumor
tumor/augmented_bc_17.jpg,tumor
tumor/augmented_bc_18.jpg,tumor
tumor/augmented_bc_19.jpg,tumor
tumor/augmented_bc_2.jpg,tumor
tumor/augmented_bc_20.jpg,tumor
tumor/augmented_bc_21.jpg,tumor
tumor/augmented_bc_22.jpg,tumor
tumor/augmented_bc_23.jpg,tumor
tumor/augmented_bc_24.jpg,tumor
tumor/augmented_bc_25.jpg,tumor
tumor/augmented_bc_26.jpg,tumor
tumor/augmented_bc_27.jpg,tumor
tumor/augmented_bc_28.jpg,tumor
tumor/augmented_bc_29.jpg,tumor
tumor/augmented_bc_3.jpg,tumor
tumor/augmented_bc_30.jpg,tumor
tumor/augmented_bc_31.jpg,tumor
tumor/augmented_bc_32.jpg,tumor
tumor/augmented_bc_33.jpg,tumor
tumor/augmented_bc_34.jpg,tumor
tumor/augmented_bc_35.jpg,tumor
tumor/augmented_bc_36.jpg,tumor
tumor/augmented_bc_37.jpg,tumor
tumor/augmented_bc_38.jpg,tumor
tumor/augmented_bc_39.jpg,tumor
tumor/augmented_bc_4.jpg,tumor
tumor/augmented_bc_40.jpg,tumor
tumor/augmented_bc_41.jpg,tumor
tumor/augmented_bc_42.jpg,tumor
tumor/augmented_bc_43.jpg,tumor
tumor/augmented_bc_44.jpg,tumor
tumor/augmented_bc_45.jpg,tumor
tumor/augmented_bc_46.jpg,tumor
tumor/augmented_bc_47.jpg,tumor
tumor/augmented_bc_48.jpg,tumor
tumor/augmented_bc_49.jpg,tumor
tumor/augmented_bc_5.jpg,tumor
tumor/augmented_bc_50.jpg,tumor
tumor/augmented_bc_51.jpg,tumor
tumor/augmented_bc_52.jpg,tumor
tumor/augmented_bc_53.jpg,tumor
tumor/augmented_bc_54.jpg,tumor
tumor/augmented_bc_55.jpg,tumor
tumor/augmented_bc_56.jpg,tumor
tumor/augmented_bc_57.jpg,tumor
tumor/augmented_bc_58.jpg,tumor
tumor/augmented_bc_59.jpg,tumor
tumor/augmented_bc_6.jpg,tumor
tumor/augmented_bc_60.jpg,tumor
tumor/augmented_bc_61.jpg,tumor
tumor/augmented_bc_62.jpg,tumor
tumor/augmented_bc_63.jpg,tumor
tumor/augmented_bc_64.jpg,tumor
tumor/augmented_bc_65.jpg,tumor
tumor/augmented_bc_66.jpg,tumor
tumor/augmented_bc_67.jpg,tumor
tumor/augmented_bc_68.jpg,tumor
tumor/augmented_bc_69.jpg,tumor
tumor/augmented_bc_7.jpg,tumor
tumor/augmented_bc_70.jpg,tumor
tumor/augmented_bc_71.jpg,tumor
tumor/augmented_bc_72.jpg,tumor
tumor/augmented_bc_73.jpg,tumor
tumor/augmented_bc_74.jpg,tumor
tumor/augmented_bc_75.jpg,tumor
tumor/augmented_bc_76.jpg,tumor
tumor/augmented_bc_77.jpg,tumor
tumor/augmented_bc_78.jpg,tumor
tumor/augmented_bc_79.jpg,tumor
tumor/augmented_bc_8.jpg,tumor
tumor/augmented_bc_80.jpg,tumor
tumor/augmented_bc_81.jpg,tumor
tumor/augmented_bc_82.jpg,tumor
tumor/augmented_bc_83.jpg,tumor
tumor/augmented_bc_9.jpg,tumor
tumor/augmented_et_0.jpg,tumor
tumor/augmented_et_1.jpg,tumor
tumor/augmented_et_10.jpg,tumor
tumor/augmented_et_11.jpg,tumor
tumor/augmented_et_12.jpg,tumor
tumor/augmented_et_13.jpg,tumor
tumor/augmented_et_14.jpg,tumor
tumor/augmented_et_15.jpg,tumor
tumor/augmented_et_16.jpg,tumor
tumor/augmented_et_17.jpg,tumor
tumor/augmented_et_18.jpg,tumor
tumor/augmented_et_19.jpg,tumor
tumor/augmented_et_2.jpg,tumor
tumor/augmented_et_20.jpg,tumor
tumor/augmented_et_21.jpg,tumor
tumor/augmented_et_22.jpg,tumor
tumor/augmented_et_23.jpg,tumor
tumor/augmented_et_24.jpg,tumor
tumor/augmented_et_25.jpg,tumor
tumor/augmented_et_26.jpg,tumor
tumor/augmented_et_27.jpg,tumor
tumor/augmented_et_28.jpg,tumor
tumor/augmented_et_29.jpg,tumor
tumor/augmented_et_3.jpg,tumor
tumor/augmented_et_30.jpg,tumor
tumor/augmented_et_31.jpg,tumor
tumor/augmented_et_32.jpg,tumor
tumor/augmented_et_33.jpg,tumor
tumor/augmented_et_34.jpg,tumor
tumor/augmented_et_35.jpg,tumor
tumor/augmented_et_36.jpg,tumor
tumor/augmented_et_37.jpg,tumor
tumor/augmented_et_38.jpg,tumor
tumor/augmented_et_39.jpg,tumor
tumor/augmented_et_4.jpg,tumor
tumor/augmented_et_40.jpg,tumor
tumor/augmented_et_41.jpg,tumor
tumor/augmented_et_42.jpg,tumor
tumor/augmented_et_43.jpg,tumor
tumor/augmented_et_44.jpg,tumor
tumor/augmented_et_45.jpg,tumor
tumor/augmented_et_46.jpg,tumor
tumor/augmented_et_47.jpg,tumor
tumor/augmented_et_48.jpg,tumor
tumor/augmented_et_49.jpg,tumor
tumor/augmented_et_5.jpg,tumor
tumor/augmented_et_50.jpg,tumor
tumor/augmented_et_51.jpg,tumor
tumor/augmented_et_52.jpg,tumor
tumor/augmented_et_53.jpg,tumor
tumor/augmented_et_54.jpg,tumor
tumor/augmented_et_55.jpg,tumor
tumor/augmented_et_56.jpg,tumor
tumor/augmented_et_57.jpg,tumor
tumor/augmented_et_58.jpg,tumor
tumor/augmented_et_59.jpg,tumor
tumor/augmented_et_6.jpg,tumor
tumor/augmented_et_60.jpg,tumor
tumor/augmented_et_61.jpg,tumor
tumor/augmented_et_62.jpg,tumor
tumor/augmented_et_63.jpg,tumor
tumor/augmented_et_64.jpg,tumor
tumor/augmented_et_65.jpg,tumor
tumor/augmented_et_66.jpg,tumor
tumor/augmented_et_67.jpg,tumor
tumor/augmented_et_68.jpg,tumor
tumor/augmented_et_69.jpg,tumor
tumor/augmented_et_7.jpg,tumor
tumor/augmented_et_70.jpg,tumor
tumor/augmented_et_71.jpg,tumor
tumor/augmented_et_72.jpg,tumor
tumor/augmented_et_73.jpg,tumor
tumor/augmented_et_74.jpg,tumor
tumor/augmented_et_75.jpg,tumor
tumor/augmented_et_76.jpg,tumor
tumor/augmented_et_77.jpg,tumor
tumor/augmented_et_78.jpg,tumor
tumor/augmented_et_79.jpg,tumor
tumor/augmented_et_8.jpg,tumor
tumor/augmented_et_80.jpg,tumor
tumor/augmented_et_81.jpg,tumor
tumor/augmented_et_82.jpg,tumor
tumor/augmented_et_83.jpg,tumor
tumor/augmented_et_9.jpg,tumor
tumor/augmented_gb_0.jpg,tumor
tumor/augmented_gb_1.jpg,tumor
tumor/augmented_gb_10.jpg,tumor
tumor/augmented_gb_11.jpg,tumor
tumor/augmented_gb_12.jpg,tumor
tumor/augmented_gb_13.jpg,tumor
tumor/augmented_gb_14.jpg,tumor
tumor/augmented_gb_15.jpg,tumor
tumor/augmented_gb_16.jpg,tumor
tumor/augmented_gb_17.jpg,tumor
tumor/augmented_gb_18.jpg,tumor
tumor/augmented_gb_19.jpg,tumor
tumor/augmented_gb_2.jpg,tumor
tumor/augmented_gb_20.jpg,tumor
tumor/augmented_gb_21.jpg,tumor
tumor/augmented_gb_22.jpg,tumor
tumor/augmented_gb_23.jpg,tumor
tumor/augmented_gb_24.jpg,tumor
tumor/augmented_gb_25.jpg,tumor
tumor/augmented_gb_26.jpg,tumor
tumor/augmented_gb_27.jpg,tumor
tumor/augmented_gb_28.jpg,tumor
tumor/augmented_gb_29.jpg,tumor
tumor/augmented_gb_3.jpg,tumor
tumor/augmented_gb_30.jpg,tumor
tumor/augmented_gb_31.jpg,tumor
tumor/augmented_gb_32.jpg,tumor
tumor/augmented_gb_33.jpg,tumor
tumor/augmented_gb_34.jpg,tumor
tumor/augmented_gb_35.jpg,tumor
tumor/augmented_gb_36.jpg,tumor
tumor/augmented_gb_37.jpg,tumor
tumor/augmented_gb_38.jpg,tumor
tumor/augmented_gb_39.jpg,tumor
tumor/augmented_gb_4.jpg,tumor
tumor/augmented_gb_40.jpg,tumor
tumor/augmented_gb_41.jpg,tumor
tumor/augmented_gb_42.jpg,tumor
tumor/augmented_gb_43.jpg,tumor
tumor/augmented_gb_44.jpg,tumor
tumor/augmented_gb_45.jpg,tumor
tumor/augmented_gb_46.jpg,tumor
tumor/augmented_gb_47.jpg,tumor
tumor/augmented_gb_48.jpg,tumor
tumor/augmented_gb_49.jpg,tumor
tumor/augmented_gb_5.jpg,tumor
tumor/augmented_gb_50.jpg,tumor
tumor/augmented_gb_51.jpg,tumor
tumor/augmented_gb_52.jpg,tumor
tumor/augmented_gb_53.jpg,tumor
tumor/augmented_gb_54.jpg,tumor
tumor/augmented_gb_55.jpg,tumor
tumor/augmented_gb_56.jpg,tumor
tumor/augmented_gb_57.jpg,tumor
tumor/augmented_gb_58.jpg,tumor
tumor/augmented_gb_59.jpg,tumor
tumor/augmented_gb_6.jpg,tumor
tumor/augmented_gb_60.jpg,tumor
tumor/augmented_gb_61.jpg,tumor
tumor/augmented_gb_62.jpg,tumor
tumor/augmented_gb_63.jpg,tumor
tumor/augmented_gb_64.jpg,tumor
tumor/augmented_gb_65.jpg,tumor
tumor/augmented_gb_66.jpg,tumor
tumor/augmented_gb_67.jpg,tumor
tumor/augmented_gb_68.jpg,tumor
tumor/augmented_gb_69.jpg,tumor
tumor/augmented_gb_7.jpg,tumor
tumor/augmented_gb_70.jpg,tumor
tumor/augmented_gb_71.jpg,tumor
tumor/augmented_gb_72.jpg,tumor
tumor/augmented_gb_73.jpg,tumor
tumor/augmented_gb_74.jpg,tumor
tumor/augmented_gb_75.jpg,tumor
tumor/augmented_gb_76.jpg,tumor
tumor/augmented_gb_77.jpg,tumor
tumor/augmented_gb_78.jpg,tumor
tumor/augmented_gb_79.jpg,tumor
tumor/augmented_gb_8.jpg,tumor
tumor/augmented_gb_80.jpg,tumor
tumor/augmented_gb_81.jpg,tumor
tumor/augmented_gb_82.jpg,tumor
tumor/augmented_gb_83.jpg,tumor
tumor/augmented_gb_9.jpg,tumor
tumor/augmented_hf_0.jpg,tumor
tumor/augmented_hf_1.jpg,tumor
tumor/augmented_hf_10.jpg,tumor
tumor/augmented_hf_11.jpg,tumor
tumor/augmented_hf_12.jpg,tumor
tumor/augmented_hf_13.jpg,tumor
tumor/augmented_hf_14.jpg,tumor
tumor/augmented_hf_15.jpg,tumor
tumor/augmented_hf_16.jpg,tumor
tumor/augmented_hf_17.jpg,tumor
tumor/augmented_hf_18.jpg,tumor
tumor/augmented_hf_19.jpg,tumor
tumor/augmented_hf_2.jpg,tumor
tumor/augmented_hf_20.jpg,tumor
tumor/augmented_hf_21.jpg,tumor
tumor/augmented_hf_22.jpg,tumor
tumor/augmented_hf_23.jpg,tumor
tumor/augmented_hf_24.jpg,tumor
tumor/augmented_hf_25.jpg,tumor
tumor/augmented_hf_26.jpg,tumor
tumor/augmented_hf_27.jpg,tumor
tumor/augmented_hf_28.jpg,tumor
tumor/augmented_hf_29.jpg,tumor
tumor/augmented_hf_3.jpg,tumor
tumor/augmented_hf_30.jpg,tumor
tumor/augmented_hf_31.jpg,tumor
tumor/augmented_hf_32.jpg,tumor
tumor/augmented_hf_33.jpg,tumor
tumor/augmented_hf_34.jpg,tumor
tumor/augmented_hf_35.jpg,tumor
tumor/augmented_hf_36.jpg,tumor
tumor/augmented_hf_37.jpg,tumor
tumor/augmented_hf_38.jpg,tumor
tumor/augmented_hf_39.jpg,tumor
tumor/augmented_hf_4.jpg,tumor
tumor/augmented_hf_40.jpg,tumor
tumor/augmented_hf_41.jpg,tumor
tumor/augmented_hf_42.jpg,tumor
tumor/augmented_hf_43.jpg,tumor
tumor/augmented_hf_44.jpg,tumor
tumor/augmented_hf_45.jpg,tumor
tumor/augmented_hf_46.jpg,tumor
tumor/augmented_hf_47.jpg,tumor
tumor/augmented_hf_48.jpg,tumor
tumor/augmented_hf_49.jpg,tumor
tumor/augmented_hf_5.jpg,tumor
tumor/augmented_hf_50.jpg,tumor
tumor/augmented_hf_51.jpg,tumor
tumor/augmented_hf_52.jpg,tumor
tumor/augmented_hf_53.jpg,tumor
tumor/augmented_hf_54.jpg,tumor
tumor/augmented_hf_55.jpg,tumor
tumor/augmented_hf_56.jpg,tumor
tumor/augmented_hf_57.jpg,tumor
tumor/augmented_hf_58.jpg,tumor
tumor/augmented_hf_59.jpg,tumor
tumor/augmented_hf_6.jpg,tumor
tumor/augmented_hf_60.jpg,tumor
tumor/augmented_hf_61.jpg,tumor
tumor/augmented_hf_62.jpg,tumor
tumor/augmented_hf_63.jpg,tumor
tumor/augmented_hf_64.jpg,tumor
tumor/augmented_hf_65.jpg,tumor
tumor/augmented_hf_66.jpg,tumor
tumor/augmented_hf_67.jpg,tumor
tumor/augmented_hf_68.jpg,tumor
tumor/augmented_hf_69.jpg,tumor
tumor/augmented_hf_7.jpg,tumor
tumor/augmented_hf_70.jpg,tumor
tumor/augmented_hf_71.jpg,tumor
tumor/augmented_hf_72.jpg,tumor
tumor/augmented_hf_73.jpg,tumor
tumor/augmented_hf_74.jpg,tumor
tumor/augmented_hf_75.jpg,tumor
tumor/augmented_hf_76.jpg,tumor
tumor/augmented_hf_77.jpg,tumor
tumor/augmented_hf_78.jpg,tumor
tumor/augmented_hf_79.jpg,tumor
tumor/augmented_hf_8.jpg,tumor
tumor/augmented_hf_80.jpg,tumor
tumor/augmented_hf_81.jpg,tumor
tumor/augmented_hf_82.jpg,tumor
tumor/augmented_hf_83.jpg,tumor
tumor/augmented_hf_9.jpg,tumor
tumor/augmented_rc_0.jpg,tumor
tumor/augmented_rc_1.jpg,tumor
tumor/augmented_rc_10.jpg,tumor
tumor/augmented_rc_11.jpg,tumor
tumor/augmented_rc_12.jpg,tumor
tumor/augmented_rc_13.jpg,tumor
tumor/augmented_rc_14.jpg,tumor
tumor/augmented_rc_15.jpg,tumor
tumor/augmented_rc_16.jpg,tumor
tumor/augmented_rc_17.jpg,tumor
tumor/augmented_rc_18.jpg,tumor
tumor/augmented_rc_19.jpg,tumor
tumor/augmented_rc_2.jpg,tumor
tumor/augmented_rc_20.jpg,tumor
tumor/augmented_rc_21.jpg,tumor
tumor/augmented_rc_22.jpg,tumor
tumor/augmented_rc_23.jpg,tumor
tumor/augmented_rc_24.jpg,tumor
tumor/augmented_rc_25.jpg,tumor
tumor/augmented_rc_26.jpg,tumor
tumor/augmented_rc_27.jpg,tumor
tumor/augmented_rc_28.jpg,tumor
tumor/augmented_rc_29.jpg,tumor
tumor/augmented_rc_3.jpg,tumor
tumor/augmented_rc_30.jpg,tumor
tumor/augmented_rc_31.jpg,tumor
tumor/augmented_rc_32.jpg,tumor
tumor/augmented_rc_33.jpg,tumor
tumor/augmented_rc_34.jpg,tumor
tumor/augmented_rc_35.jpg,tumor
tumor/augmented_rc_36.jpg,tumor
tumor/augmented_rc_37.jpg,tumor
tumor/augmented_rc_38.jpg,tumor
tumor/augmented_rc_39.jpg,tumor
tumor/augmented_rc_4.jpg,tumor
tumor/augmented_rc_40.jpg,tumor
tumor/augmented_rc_41.jpg,tumor
tumor/augmented_rc_42.jpg,tumor
tumor/augmented_rc_43.jpg,tumor
tumor/augmented_rc_44.jpg,tumor
tumor/augmented_rc_45.jpg,tumor
tumor/augmented_rc_46.jpg,tumor
tumor/augmented_rc_47.jpg,tumor
tumor/augmented_rc_48.jpg,tumor
tumor/augmented_rc_49.jpg,tumor
tumor/augmented_rc_5.jpg,tumor
tumor/augmented_rc_50.jpg,tumor
tumor/augmented_rc_51.jpg,tumor
tumor/augmented_rc_52.jpg,tumor
tumor/augmented_rc_53.jpg,tumor
tumor/augmented_rc_54.jpg,tumor
tumor/augmented_rc_55.jpg,tumor
tumor/augmented_rc_56.jpg,tumor
tumor/augmented_rc_57.jpg,tumor
tumor/augmented_rc_58.jpg,tumor
tumor/augmented_rc_59.jpg,tumor
tumor/augmented_rc_6.jpg,tumor
tumor/augmented_rc_60.jpg,tumor
tumor/augmented_rc_61.jpg,tumor
tumor/augmented_rc_62.jpg,tumor
tumor/augmented_rc_63.jpg,tumor
tumor/augmented_rc_64.jpg,tumor
tumor/augmented_rc_65.jpg,tumor
tumor/augmented_rc_66.jpg,tumor
tumor/augmented_rc_67.jpg,tumor
tumor/augmented_rc_68.jpg,tumor
tumor/augmented_rc_69.jpg,tumor
tumor/augmented_rc_7.jpg,tumor
tumor/augmented_rc_70.jpg,tumor
tumor/augmented_rc_71.jpg,tumor
tumor/augmented_rc_72.jpg,tumor
tumor/augmented_rc_73.jpg,tumor
tumor/augmented_rc_74.jpg,tumor
tumor/augmented_rc_75.jpg,tumor
tumor/augmented_rc_76.jpg,tumor
tumor/augmented_rc_77.jpg,tumor
tumor/augmented_rc_78.jpg,tumor
tumor/augmented_rc_79.jpg,tumor
tumor/augmented_rc_8.jpg,tumor
tumor/augmented_rc_80.jpg,tumor
tumor/augmented_rc_81.jpg,tumor
tumor/augmented_rc_82.jpg,tumor
tumor/augmented_rc_83.jpg,tumor
tumor/augmented_rc_9.jpg,tumor
tumor/augmented_resize_0.jpg,tumor
tumor/augmented_resize_1.jpg,tumor
tumor/augmented_resize_10.jpg,tumor
tumor/augmented_resize_11.jpg,tumor
tumor/augmented_resize_12.jpg,tumor
tumor/augmented_resize_13.jpg,tumor
tumor/augmented_resize_14.jpg,tumor
tumor/augmented_resize_15.jpg,tumor
tumor/augmented_resize_16.jpg,tumor
tumor/augmented_resize_17.jpg,tumor
tumor/augmented_resize_18.jpg,tumor
tumor/augmented_resize_19.jpg,tumor
tumor/augmented_resize_2.jpg,tumor
tumor/augmented_resize_20.jpg,tumor
tumor/augmented_resize_21.jpg,tumor
tumor/augmented_resize_22.jpg,tumor
tumor/augmented_resize_23.jpg,tumor
tumor/augmented_resize_24.jpg,tumor
tumor/augmented_resize_25.jpg,tumor
tumor/augmented_resize_26.jpg,tumor
tumor/augmented_resize_27.jpg,tumor
tumor/augmented_resize_28.jpg,tumor
tumor/augmented_resize_29.jpg,tumor
tumor/augmented_resize_3.jpg,tumor
tumor/augmented_resize_30.jpg,tumor
tumor/augmented_resize_31.jpg,tumor
tumor/augmented_resize_32.jpg,tumor
tumor/augmented_resize_33.jpg,tumor
tumor/augmented_resize_34.jpg,tumor
tumor/augmented_resize_35.jpg,tumor
tumor/augmented_resize_36.jpg,tumor
tumor/augmented_resize_37.jpg,tumor
tumor/augmented_resize_38.jpg,tumor
tumor/augmented_resize_39.jpg,tumor
tumor/augmented_resize_4.jpg,tumor
tumor/augmented_resize_40.jpg,tumor
tumor/augmented_resize_41.jpg,tumor
tumor/augmented_resize_42.jpg,tumor
tumor/augmented_resize_43.jpg,tumor
tumor/augmented_resize_44.jpg,tumor
tumor/augmented_resize_45.jpg,tumor
tumor/augmented_resize_46.jpg,tumor
tumor/augmented_resize_47.jpg,tumor
tumor/augmented_resize_48.jpg,tumor
tumor/augmented_resize_49.jpg,tumor
tumor/augmented_resize_5.jpg,tumor
tumor/augmented_resize_50.jpg,tumor
tumor/augmented_resize_51.jpg,tumor
tumor/augmented_resize_52.jpg,tumor
tumor/augmented_resize_53.jpg,tumor
tumor/augmented_resize_54.jpg,tumor
tumor/augmented_resize_55.jpg,tumor
tumor/augmented_resize_56.jpg,tumor
tumor/augmented_resize_57.jpg,tumor
tumor/augmented_resize_58.jpg,tumor
tumor/augmented_resize_59.jpg,tumor
tumor/augmented_resize_6.jpg,tumor
tumor/augmented_resize_60.jpg,tumor
tumor/augmented_resize_61.jpg,tumor
tumor/augmented_resize_62.jpg,tumor
tumor/augmented_resize_63.jpg,tumor
tumor/augmented_resize_64.jpg,tumor
tumor/augmented_resize_65.jpg,tumor
tumor/augmented_resize_66.jpg,tumor
tumor/augmented_resize_67.jpg,tumor
tumor/augmented_resize_68.jpg,tumor
tumor/augmented_resize_69.jpg,tumor
tumor/augmented_resize_7.jpg,tumor
tumor/augmented_resize_70.jpg,tumor
tumor/augmented_resize_71.jpg,tumor
tumor/augmented_resize_72.jpg,tumor
tumor/augmented_resize_73.jpg,tumor
tumor/augmented_resize_74.jpg,tumor
tumor/augmented_resize_75.jpg,tumor
tumor/augmented_resize_76.jpg,tumor
tumor/augmented_resize_77.jpg,tumor
tumor/augmented_resize_78.jpg,tumor
tumor/augmented_resize_79.jpg,tumor
tumor/augmented_resize_8.jpg,tumor
tumor/augmented_resize_80.jpg,tumor
tumor/augmented_resize_81.jpg,tumor
tumor/augmented_resize_82.jpg,tumor
tumor/augmented_resize_83.jpg,tumor
tumor/augmented_resize_9.jpg,tumor
tumor/augmented_rr_0.jpg,tumor
tumor/augmented_rr_1.jpg,tumor
tumor/augmented_rr_10.jpg,tumor
tumor/augmented_rr_11.jpg,tumor
tumor/augmented_rr_12.jpg,tumor
tumor/augmented_rr_13.jpg,tumor
tumor/augmented_rr_14.jpg,tumor
tumor/augmented_rr_15.jpg,tumor
tumor/augmented_rr_16.jpg,tumor
tumor/augmented_rr_17.jpg,tumor
tumor/augmented_rr_18.jpg,tumor
tumor/augmented_rr_19.jpg,tumor
tumor/augmented_rr_2.jpg,tumor
tumor/augmented_rr_20.jpg,tumor
tumor/augmented_rr_21.jpg,tumor
tumor/augmented_rr_22.jpg,tumor
tumor/augmented_rr_23.jpg,tumor
tumor/augmented_rr_24.jpg,tumor
tumor/augmented_rr_25.jpg,tumor
tumor/augmented_rr_26.jpg,tumor
tumor/augmented_rr_27.jpg,tumor
tumor/augmented_rr_28.jpg,tumor
tumor/augmented_rr_29.jpg,tumor
tumor/augmented_rr_3.jpg,tumor
tumor/augmented_rr_30.jpg,tumor
tumor/augmented_rr_31.jpg,tumor
tumor/augmented_rr_32.jpg,tumor
tumor/augmented_rr_33.jpg,tumor
tumor/augmented_rr_34.jpg,tumor
tumor/augmented_rr_35.jpg,tumor
tumor/augmented_rr_36.jpg,tumor
tumor/augmented_rr_37.jpg,tumor
tumor/augmented_rr_38.jpg,tumor
tumor/augmented_rr_39.jpg,tumor
tumor/augmented_rr_4.jpg,tumor
tumor/augmented_rr_40.jpg,tumor
tumor/augmented_rr_41.jpg,tumor
tumor/augmented_rr_42.jpg,tumor
tumor/augmented_rr_43.jpg,tumor
tumor/augmented_rr_44.jpg,tumor
tumor/augmented_rr_45.jpg,tumor
tumor/augmented_rr_46.jpg,tumor
tumor/augmented_rr_47.jpg,tumor
tumor/augmented_rr_48.jpg,tumor
tumor/augmented_rr_49.jpg,tumor
tumor/augmented_rr_5.jpg,tumor
tumor/augmented_rr_50.jpg,tumor
tumor/augmented_rr_51.jpg,tumor
tumor/augmented_rr_52.jpg,tumor
tumor/augmented_rr_53.jpg,tumor
tumor/augmented_rr_54.jpg,tumor
tumor/augmented_rr_55.jpg,tumor
tumor/augmented_rr_56.jpg,tumor
tumor/augmented_rr_57.jpg,tumor
tumor/augmented_rr_58.jpg,tumor
tumor/augmented_rr_59.jpg,tumor
tumor/augmented_rr_6.jpg,tumor
tumor/augmented_rr_60.jpg,tumor
tumor/augmented_rr_61.jpg,tumor
tumor/augmented_rr_62.jpg,tumor
tumor/augmented_rr_63.jpg,tumor
tumor/augmented_rr_64.jpg,tumor
tumor/augmented_rr_65.jpg,tumor
tumor/augmented_rr_66.jpg,tumor
tumor/augmented_rr_67.jpg,tumor
tumor/augmented_rr_68.jpg,tumor
tumor/augmented_rr_69.jpg,tumor
tumor/augmented_rr_7.jpg,tumor
tumor/augmented_rr_70.jpg,tumor
tumor/augmented_rr_71.jpg,tumor
tumor/augmented_rr_72.jpg,tumor
tumor/augmented_rr_73.jpg,tumor
tumor/augmented_rr_74.jpg,tumor
tumor/augmented_rr_75.jpg,tumor
tumor/augmented_rr_76.jpg,tumor
tumor/augmented_rr_77.jpg,tumor
tumor/augmented_rr_78.jpg,tumor
tumor/augmented_rr_79.jpg,tumor
tumor/augmented_rr_8.jpg,tumor
tumor/augmented_rr_80.jpg,tumor
tumor/augmented_rr_81.jpg,tumor
tumor/augmented_rr_82.jpg,tumor
tumor/augmented_rr_83.jpg,tumor
tumor/augmented_rr_9.jpg,tumor
tumor/augmented_tp_0.jpg,tumor
tumor/augmented_tp_1.jpg,tumor
tumor/augmented_tp_10.jpg,tumor
tumor/augmented_tp_11.jpg,tumor
tumor/augmented_tp_12.jpg,tumor
tumor/augmented_tp_13.jpg,tumor
tumor/augmented_tp_14.jpg,tumor
tumor/augmented_tp_15.jpg,tumor
tumor/augmented_tp_16.jpg,tumor
tumor/augmented_tp_17.jpg,tumor
tumor/augmented_tp_18.jpg,tumor
tumor/augmented_tp_19.jpg,tumor
tumor/augmented_tp_2.jpg,tumor
tumor/augmented_tp_20.jpg,tumor
tumor/augmented_tp_21.jpg,tumor
tumor/augmented_tp_22.jpg,tumor
tumor/augmented_tp_23.jpg,tumor
tumor/augmented_tp_24.jpg,tumor
tumor/augmented_tp_25.jpg,tumor
tumor/augmented_tp_26.jpg,tumor
tumor/augmented_tp_27.jpg,tumor
tumor/augmented_tp_28.jpg,tumor
tumor/augmented_tp_29.jpg,tumor
tumor/augmented_tp_3.jpg,tumor
tumor/augmented_tp_30.jpg,tumor
tumor/augmented_tp_31.jpg,tumor
tumor/augmented_tp_32.jpg,tumor
tumor/augmented_tp_33.jpg,tumor
tumor/augmented_tp_34.jpg,tumor
tumor/augmented_tp_35.jpg,tumor
tumor/augmented_tp_36.jpg,tumor
tumor/augmented_tp_37.jpg,tumor
tumor/augmented_tp_38.jpg,tumor
tumor/augmented_tp_39.jpg,tumor
tumor/augmented_tp_4.jpg,tumor
tumor/augmented_tp_40.jpg,tumor
tumor/augmented_tp_41.jpg,tumor
tumor/augmented_tp_42.jpg,tumor
tumor/augmented_tp_43.jpg,tumor
tumor/augmented_tp_44.jpg,tumor
tumor/augmented_tp_45.jpg,tumor
tumor/augmented_tp_46.jpg,tumor
tumor/augmented_tp_47.jpg,tumor
tumor/augmented_tp_48.jpg,tumor
tumor/augmented_tp_49.jpg,tumor
tumor/augmented_tp_5.jpg,tumor
tumor/augmented_tp_50.jpg,tumor
tumor/augmented_tp_51.jpg,tumor
tumor/augmented_tp_52.jpg,tumor
tumor/augmented_tp_53.jpg,tumor
tumor/augmented_tp_54.jpg,tumor
tumor/augmented_tp_55.jpg,tumor
tumor/augmented_tp_56.jpg,tumor
tumor/augmented_tp_57.jpg,tumor
tumor/augmented_tp_58.jpg,tumor
tumor/augmented_tp_59.jpg,tumor
tumor/augmented_tp_6.jpg,tumor
tumor/augmented_tp_60.jpg,tumor
tumor/augmented_tp_61.jpg,tumor
tumor/augmented_tp_62.jpg,tumor
tumor/augmented_tp_63.jpg,tumor
tumor/augmented_tp_64.jpg,tumor
tumor/augmented_tp_65.jpg,tumor
tumor/augmented_tp_66.jpg,tumor
tumor/augmented_tp_67.jpg,tumor
tumor/augmented_tp_68.jpg,tumor
tumor/augmented_tp_69.jpg,tumor
tumor/augmented_tp_7.jpg,tumor
tumor/augmented_tp_70.jpg,tumor
tumor/augmented_tp_71.jpg,tumor
tumor/augmented_tp_72.jpg,tumor
tumor/augmented_tp_73.jpg,tumor
tumor/augmented_tp_74.jpg,tumor
tumor/augmented_tp_75.jpg,tumor
tumor/augmented_tp_76.jpg,tumor
tumor/augmented_tp_77.jpg,tumor
tumor/augmented_tp_78.jpg,tumor
tumor/augmented_tp_79.jpg,tumor
tumor/augmented_tp_8.jpg,tumor
tumor/augmented_tp_80.jpg,tumor
tumor/augmented_tp_81.jpg,tumor
tumor/augmented_tp_82.jpg,tumor
tumor/augmented_tp_83.jpg,tumor
tumor/augmented_tp_9.jpg,tumor
tumor/augmented_vf_0.jpg,tumor
tumor/augmented_vf_1.jpg,tumor
tumor/augmented_vf_10.jpg,tumor
tumor/augmented_vf_11.jpg,tumor
tumor/augmented_vf_12.jpg,tumor
tumor/augmented_vf_13.jpg,tumor
tumor/augmented_vf_14.jpg,tumor
tumor/augmented_vf_15.jpg,tumor
tumor/augmented_vf_16.jpg,tumor
tumor/augmented_vf_17.jpg,tumor
tumor/augmented_vf_18.jpg,tumor
tumor/augmented_vf_19.jpg,tumor
tumor/augmented_vf_2.jpg,tumor
tumor/augmented_vf_20.jpg,tumor
tumor/augmented_vf_21.jpg,tumor
tumor/augmented_vf_22.jpg,tumor
tumor/augmented_vf_23.jpg,tumor
tumor/augmented_vf_24.jpg,tumor
tumor/augmented_vf_25.jpg,tumor
tumor/augmented_vf_26.jpg,tumor
tumor/augmented_vf_27.jpg,tumor
tumor/augmented_vf_28.jpg,tumor
tumor/augmented_vf_29.jpg,tumor
tumor/augmented_vf_3.jpg,tumor
tumor/augmented_vf_30.jpg,tumor
tumor/augmented_vf_31.jpg,tumor
tumor/augmented_vf_32.jpg,tumor
tumor/augmented_vf_33.jpg,tumor
tumor/augmented_vf_34.jpg,tumor
tumor/augmented_vf_35.jpg,tumor
tumor/augmented_vf_36.jpg,tumor
tumor/augmented_vf_37.jpg,tumor
tumor/augmented_vf_38.jpg,tumor
tumor/augmented_vf_39.jpg,tumor
tumor/augmented_vf_4.jpg,tumor
tumor/augmented_vf_40.jpg,tumor
tumor/augmented_vf_41.jpg,tumor
tumor/augmented_vf_42.jpg,tumor
tumor/augmented_vf_43.jpg,tumor
tumor/augmented_vf_44.jpg,tumor
tumor/augmented_vf_45.jpg,tumor
tumor/augmented_vf_46.jpg,tumor
tumor/augmented_vf_47.jpg,tumor
tumor/augmented_vf_48.jpg,tumor
tumor/augmented_vf_49.jpg,tumor
tumor/augmented_vf_5.jpg,tumor
tumor/augmented_vf_50.jpg,tumor
tumor/augmented_vf_51.jpg,tumor
tumor/augmented_vf_52.jpg,tumor
tumor/augmented_vf_53.jpg,tumor
tumor/augmented_vf_54.jpg,tumor
tumor/augmented_vf_55.jpg,tumor
tumor/augmented_vf_56.jpg,tumor
tumor/augmented_vf_57.jpg,tumor
tumor/augmented_vf_58.jpg,tumor
tumor/augmented_vf_59.jpg,tumor
tumor/augmented_vf_6.jpg,tumor
tumor/augmented_vf_60.jpg,tumor
tumor/augmented_vf_61.jpg,tumor
tumor/augmented_vf_62.jpg,tumor
tumor/augmented_vf_63.jpg,tumor
tumor/augmented_vf_64.jpg,tumor
tumor/augmented_vf_65.jpg,tumor
tumor/augmented_vf_66.jpg,tumor
tumor/augmented_vf_67.jpg,tumor
tumor/augmented_vf_68.jpg,tumor
tumor/augmented_vf_69.jpg,tumor
tumor/augmented_vf_7.jpg,tumor
tumor/augmented_vf_70.jpg,tumor
tumor/augmented_vf_71.jpg,tumor
tumor/augmented_vf_72.jpg,tumor
tumor/augmented_vf_73.jpg,tumor
tumor/augmented_vf_74.jpg,tumor
tumor/augmented_vf_75.jpg,tumor
tumor/augmented_vf_76.jpg,tumor
tumor/augmented_vf_77.jpg,tumor
tumor/augmented_vf_78.jpg,tumor
tumor/augmented_vf_79.jpg,tumor
tumor/augmented_vf_8.jpg,tumor
tumor/augmented_vf_80.jpg,tumor
tumor/augmented_vf_81.jpg,tumor
tumor/augmented_vf_82.jpg,tumor
tumor/augmented_vf_83.jpg,tumor
tumor/augmented_vf_9.jpg,tumor
